Date,Price (DOGE),Social Dominance (DOGE),Social Volume (DOGE),Active social users (Telegram) (DOGE),Twitter Followers (DOGE),Twitter Followers 24h (DOGE),Twitter Followers 7d (DOGE)
2012-11-15T00:00:00.000Z,,0,0,,,,
2012-11-22T00:00:00.000Z,,0.01845018450184502,1,,,,
2012-11-29T00:00:00.000Z,,0.02306805074971165,1,,,,
2012-12-06T00:00:00.000Z,,0,0,,,,
2012-12-13T00:00:00.000Z,,0.024491795248591724,1,,,,
2012-12-20T00:00:00.000Z,,0,0,,,,
2012-12-27T00:00:00.000Z,,0.09049773755656108,1,,,,
2013-01-03T00:00:00.000Z,,0.07468259895444361,1,,,,
2013-01-10T00:00:00.000Z,,0,0,,,,
2013-01-17T00:00:00.000Z,,0.023490721165139773,1,,,,
2013-01-24T00:00:00.000Z,,0,0,,,,
2013-01-31T00:00:00.000Z,,0.021326508850501174,1,,,,
2013-02-07T00:00:00.000Z,,0,0,,,,
2013-02-14T00:00:00.000Z,,0,0,,,,
2013-02-21T00:00:00.000Z,,0.029394473838918283,1,,,,
2013-02-28T00:00:00.000Z,,0,0,,,,
2013-03-07T00:00:00.000Z,,0.02710027100271003,1,,,,
2013-03-14T00:00:00.000Z,,0.009142439202779302,1,,,,
2013-03-21T00:00:00.000Z,,0.01724435247456458,1,,,,
2013-03-28T00:00:00.000Z,,0.0042866941015089165,1,,,,
2013-04-04T00:00:00.000Z,,0.016201395812562313,2,,,,
2013-04-11T00:00:00.000Z,,0.010075566750629723,1,,,,
2013-04-18T00:00:00.000Z,,0.030586141697252815,4,,,,
2013-04-25T00:00:00.000Z,,0.012588116817724069,1,,,,
2013-05-02T00:00:00.000Z,,0.06792668066682223,7,,,,
2013-05-09T00:00:00.000Z,,0.05883341738107246,3,,,,
2013-05-16T00:00:00.000Z,,0.07282136253391926,6,,,,
2013-05-23T00:00:00.000Z,,0.11077287332995096,9,,,,
2013-05-30T00:00:00.000Z,,0.08955600403632694,5,,,,
2013-06-06T00:00:00.000Z,,0.025367833587011668,2,,,,
2013-06-13T00:00:00.000Z,,0.03279883381924198,3,,,,
2013-06-20T00:00:00.000Z,,0.02814738996929376,4,,,,
2013-06-27T00:00:00.000Z,,0.04684040197581332,3,,,,
2013-07-04T00:00:00.000Z,,0,0,,,,
2013-07-11T00:00:00.000Z,,0.10997549459087921,6,,,,
2013-07-18T00:00:00.000Z,,0.11230907457322552,4,,,,
2013-07-25T00:00:00.000Z,,0.046221745094530926,3,,,,
2013-08-01T00:00:00.000Z,,0.05470459518599562,1,,,,
2013-08-08T00:00:00.000Z,,0.041733262297993255,3,,,,
2013-08-15T00:00:00.000Z,,0.017488632388947184,1,,,,
2013-08-22T00:00:00.000Z,,0.04995633636410336,4,,,,
2013-08-29T00:00:00.000Z,,0.032552083333333336,3,,,,
2013-09-05T00:00:00.000Z,,0.03936061534763536,4,,,,
2013-09-12T00:00:00.000Z,,0.05279831045406547,2,,,,
2013-09-19T00:00:00.000Z,,0.013027618551328817,1,,,,
2013-09-26T00:00:00.000Z,,0,0,,,,
2013-10-03T00:00:00.000Z,,0.20964360587002098,3,,,,
2013-10-10T00:00:00.000Z,,0.02672367717797969,1,,,,
2013-10-17T00:00:00.000Z,,0.03280839895013123,2,,,,
2013-10-24T00:00:00.000Z,,0,0,,,,
2013-10-31T00:00:00.000Z,,0.04731146240580203,6,,,,
2013-11-07T00:00:00.000Z,,0.022963390412217174,4,,,,
2013-11-14T00:00:00.000Z,,0.02988024235539146,3,,,,
2013-11-21T00:00:00.000Z,,0.023503060990647882,4,,,,
2013-11-28T00:00:00.000Z,,0.03725257617317815,5,,,,
2013-12-05T00:00:00.000Z,,4.7745372159918835,616,,,,
2013-12-12T00:00:00.000Z,0.000361631,22.648784638673234,2875,,,,
2013-12-19T00:00:00.000Z,0.0005867009999999999,48.549776525214554,4757,,,,
2013-12-26T00:00:00.000Z,0.00043969800000000003,25.783075851177685,2769,,,,
2014-01-02T00:00:00.000Z,0.000227534,16.371808445898438,2039,,,,
2014-01-09T00:00:00.000Z,0.000413232,15.350499320486405,1976,,,,
2014-01-16T00:00:00.000Z,0.00149669,31.641277106336027,3705,,,,
2014-01-23T00:00:00.000Z,0.00160244,21.993204860355902,3087,,,,
2014-01-30T00:00:00.000Z,0.00130246,20.32164060377289,2512,,,,
2014-02-06T00:00:00.000Z,0.00181778,16.442775739926596,2593,,,,
2014-02-13T00:00:00.000Z,0.00134361,17.556228111323527,2537,,,,
2014-02-20T00:00:00.000Z,0.00118602,10.442864792000051,1712,,,,
2014-02-27T00:00:00.000Z,0.00105922,8.551057187262796,1297,,,,
2014-03-06T00:00:00.000Z,0.000906474,11.457580449173564,1418,,,,
2014-03-13T00:00:00.000Z,0.000772491,12.543176160544897,1464,,,,
2014-03-20T00:00:00.000Z,0.0006394980000000001,10.437281186935389,1303,,,,
2014-03-27T00:00:00.000Z,0.00042937000000000004,10.123350808798943,1339,,,,
2014-04-03T00:00:00.000Z,0.000441359,8.92959613212413,1000,,,,
2014-04-10T00:00:00.000Z,0.000707734,8.01233291805746,933,,,,
2014-04-17T00:00:00.000Z,0.00056961,9.199609677550859,887,,,,
2014-04-24T00:00:00.000Z,0.000501116,8.653010082385764,953,,,,
2014-05-01T00:00:00.000Z,0.00047268299999999995,10.407554945054931,1015,,,,
2014-05-08T00:00:00.000Z,0.000456032,9.65907524858183,934,,,,
2014-05-15T00:00:00.000Z,0.000456211,9.073257215619861,889,,,,
2014-05-22T00:00:00.000Z,0.000398705,8.407742560673494,899,,,,
2014-05-29T00:00:00.000Z,0.000362029,7.161265059685022,790,,,,
2014-06-05T00:00:00.000Z,0.000420343,5.705685413542207,640,,,,
2014-06-12T00:00:00.000Z,0.000358417,5.419516667201652,614,,,,
2014-06-19T00:00:00.000Z,0.000269155,6.27021714652508,673,,,,
2014-06-26T00:00:00.000Z,0.00022334900000000002,4.7433193558886035,526,,,,
2014-07-03T00:00:00.000Z,0.00027490800000000003,7.665904034206485,712,,,,
2014-07-10T00:00:00.000Z,0.000233644,4.898498163380258,540,,,,
2014-07-17T00:00:00.000Z,0.000224901,4.692622559718428,450,,,,
2014-07-24T00:00:00.000Z,0.000203117,4.480079120790195,448,,,,
2014-07-31T00:00:00.000Z,0.000178056,4.869778946462239,505,,,,
2014-08-07T00:00:00.000Z,0.000141922,5.732177490552104,587,,,,
2014-08-14T00:00:00.000Z,0.000130347,3.772355852110302,462,,,,
2014-08-21T00:00:00.000Z,0.00013924600000000001,4.811112713031963,450,,,,
2014-08-28T00:00:00.000Z,0.00013983799999999998,4.644705108687104,459,,,,
2014-09-04T00:00:00.000Z,0.000186326,5.854407700477805,571,,,,
2014-09-11T00:00:00.000Z,0.000268092,10.062153829459191,907,,,,
2014-09-18T00:00:00.000Z,0.000348341,5.847437749804798,537,,,,
2014-09-25T00:00:00.000Z,0.000371123,10.452487420807557,924,,,,
2014-10-02T00:00:00.000Z,0.000294314,5.3403292344160675,543,,,,
2014-10-09T00:00:00.000Z,0.000268243,6.139596995763405,495,,,,
2014-10-16T00:00:00.000Z,0.00025623899999999996,6.839335239791166,516,,,,
2014-10-23T00:00:00.000Z,0.00024212099999999998,5.522205714513409,466,,,,
2014-10-30T00:00:00.000Z,0.00021757599999999998,4.462736909733376,353,,,,
2014-11-06T00:00:00.000Z,0.000243071,6.623235547816551,470,,,,
2014-11-13T00:00:00.000Z,0.00021661399999999998,3.803294303355435,368,,,,
2014-11-20T00:00:00.000Z,0.00023224999999999998,2.6694207414269533,372,,,,
2014-11-27T00:00:00.000Z,0.00023669700000000001,3.027459107791009,408,,,,
2014-12-04T00:00:00.000Z,0.000208739,3.1758638536470754,464,,,,
2014-12-11T00:00:00.000Z,0.00017928600000000002,2.8364193335745407,431,,,,
2014-12-18T00:00:00.000Z,0.00019016600000000002,3.113662836300134,434,,,,
2014-12-25T00:00:00.000Z,0.000186607,2.382261369139884,316,,,,
2015-01-01T00:00:00.000Z,0.000173189,2.6447402829473594,438,,,,
2015-01-08T00:00:00.000Z,0.000115486,2.8517979538977842,547,,,,
2015-01-15T00:00:00.000Z,0.00015287999999999999,3.058486884528021,512,,,,
2015-01-22T00:00:00.000Z,0.00014441699999999998,3.1705488927032897,402,,,,
2015-01-29T00:00:00.000Z,0.000146655,2.6002793923683876,376,,,,
2015-02-05T00:00:00.000Z,0.000138307,2.5176891532509926,396,,,,
2015-02-12T00:00:00.000Z,0.00014282,2.439171533954478,385,,,,
2015-02-19T00:00:00.000Z,0.000142384,2.5513416342540762,389,,,,
2015-02-26T00:00:00.000Z,0.00014343600000000001,3.337829321241758,526,,,,
2015-03-05T00:00:00.000Z,0.000144902,2.060117940679253,381,,,,
2015-03-12T00:00:00.000Z,0.00013315,2.0931324873539454,333,,,,
2015-03-19T00:00:00.000Z,0.00013057000000000002,2.2842061134728224,350,,,,
2015-03-26T00:00:00.000Z,0.000127999,1.878380181365719,296,,,,
2015-04-02T00:00:00.000Z,0.00011719200000000001,2.1522402112577494,307,,,,
2015-04-09T00:00:00.000Z,0.00010514000000000001,1.3355738503814416,216,,,,
2015-04-16T00:00:00.000Z,0.000110563,1.5308622976325503,217,,,,
2015-04-23T00:00:00.000Z,0.000098378,2.0835593921025626,322,,,,
2015-04-30T00:00:00.000Z,0.00008726520000000001,1.633307988750931,239,,,,
2015-05-07T00:00:00.000Z,0.00010828199999999999,2.3565897462509016,334,,,,
2015-05-14T00:00:00.000Z,0.000133522,2.343276175459032,330,,,,
2015-05-21T00:00:00.000Z,0.00018401399999999998,2.6222996034458146,198,,,,
2015-05-28T00:00:00.000Z,0.00015069900000000002,2.2404665270354998,307,,,,
2015-06-04T00:00:00.000Z,0.000157342,1.4839096540008925,220,,,,
2015-06-11T00:00:00.000Z,0.000197346,1.9719110499214776,304,,,,
2015-06-18T00:00:00.000Z,0.00017781,1.758544582175865,282,,,,
2015-06-25T00:00:00.000Z,0.00019329700000000002,1.753950461442703,243,,,,
2015-07-02T00:00:00.000Z,0.000188548,1.2044538710900072,197,,,,
2015-07-09T00:00:00.000Z,0.00018561100000000002,1.5255735574848779,269,,,,
2015-07-16T00:00:00.000Z,0.000183732,1.5310152938976482,227,,,,
2015-07-23T00:00:00.000Z,0.00018447800000000002,1.4359021486630592,202,,,,
2015-07-30T00:00:00.000Z,0.000173406,1.7928215961541734,291,,,,
2015-08-06T00:00:00.000Z,0.00016026000000000001,1.4064762533811512,254,,,,
2015-08-13T00:00:00.000Z,0.000130929,0.9159610412058596,182,,,,
2015-08-20T00:00:00.000Z,0.000133057,0.9061839664945862,165,,,,
2015-08-27T00:00:00.000Z,0.000126101,1.1602187423868195,194,,,,
2015-09-03T00:00:00.000Z,0.000129615,1.5304447130066485,281,,,,
2015-09-10T00:00:00.000Z,0.000123954,1.59209096709967,287,,,,
2015-09-17T00:00:00.000Z,0.000123545,1.3813224975970175,263,,,,
2015-09-24T00:00:00.000Z,0.00012313399999999998,1.5474669482051313,270,,,,
2015-10-01T00:00:00.000Z,0.000120903,1.8903144823012765,315,,,,
2015-10-08T00:00:00.000Z,0.00012037499999999999,1.6814919183990311,330,,,,
2015-10-15T00:00:00.000Z,0.000116641,1.1985336036190428,219,,,,
2015-10-22T00:00:00.000Z,0.000125957,1.2111433443892359,206,,,,
2015-10-29T00:00:00.000Z,0.000149135,1.1579502873111667,262,,,,
2015-11-05T00:00:00.000Z,0.000124902,1.5651223897469664,305,,,,
2015-11-12T00:00:00.000Z,0.000135025,1.812367786538927,308,,,,
2015-11-19T00:00:00.000Z,0.000130499,1.5874430005566602,283,,,,
2015-11-26T00:00:00.000Z,0.000130084,1.7897665179054463,299,,,,
2015-12-03T00:00:00.000Z,0.000142332,1.646071651518443,316,,,,
2015-12-10T00:00:00.000Z,0.000150077,1.9855228996188683,440,,,,
2015-12-17T00:00:00.000Z,0.000146927,1.7900619511210367,367,,,,
2015-12-24T00:00:00.000Z,0.000152572,1.9271182956549884,354,,,,
2015-12-31T00:00:00.000Z,0.000134536,3.579866590984487,829,,,,
2016-01-07T00:00:00.000Z,0.000177094,4.20750324052475,1060,,,,
2016-01-14T00:00:00.000Z,0.00016804000000000002,3.033901620237989,941,,,,
2016-01-21T00:00:00.000Z,0.00045507600000000006,5.161881595700053,1567,,,,
2016-01-28T00:00:00.000Z,0.000265091,4.401789456665523,1167,,,,
2016-02-04T00:00:00.000Z,0.00029808,3.091269579205752,776,,,,
2016-02-11T00:00:00.000Z,0.000278482,2.246604338679566,661,,,,
2016-02-18T00:00:00.000Z,0.000277561,2.5283441259002286,700,,,,
2016-02-25T00:00:00.000Z,0.00024403800000000002,2.3119054693081633,664,,,,
2016-03-03T00:00:00.000Z,0.00022999700000000001,2.282072559314113,774,,,,
2016-03-10T00:00:00.000Z,0.000230536,1.7235696134444285,545,,,,
2016-03-17T00:00:00.000Z,0.00021181899999999997,2.076561003302796,648,,,,
2016-03-24T00:00:00.000Z,0.00023393100000000002,1.9031596641611577,672,,,,
2016-03-31T00:00:00.000Z,0.000216474,2.295998606302031,618,,,,
2016-04-07T00:00:00.000Z,0.000234482,1.6742384228498512,462,,,,
2016-04-14T00:00:00.000Z,0.00022615300000000001,2.4160113526244973,607,,,,
2016-04-21T00:00:00.000Z,0.000223704,1.7981076862984786,555,,,,
2016-04-28T00:00:00.000Z,0.00022517000000000001,2.1294988332902927,611,,,,
2016-05-05T00:00:00.000Z,0.000224077,2.2040962548314145,566,,,,
2016-05-12T00:00:00.000Z,0.00022797100000000002,1.9963537474271462,571,,,,
2016-05-19T00:00:00.000Z,0.000224294,1.3113466915918803,417,,,,
2016-05-26T00:00:00.000Z,0.00023357800000000002,1.4018162875327413,476,,,,
2016-06-02T00:00:00.000Z,0.00024564599999999997,1.4573812479125627,456,,,,
2016-06-09T00:00:00.000Z,0.000312602,2.1909727527937117,755,,,,
2016-06-16T00:00:00.000Z,0.000265731,1.1480427995234854,597,,,,
2016-06-23T00:00:00.000Z,0.000295862,1.9310772197126702,753,,,,
2016-06-30T00:00:00.000Z,0.00028372799999999996,2.608487159045194,919,,,,
2016-07-07T00:00:00.000Z,0.000262525,2.094101370078643,644,,,,
2016-07-14T00:00:00.000Z,0.000243511,1.5866700343240754,557,,,,
2016-07-21T00:00:00.000Z,0.000236956,1.1384344989853732,486,,,,
2016-07-28T00:00:00.000Z,0.00021407099999999998,0.9054866964812306,450,,,,
2016-08-04T00:00:00.000Z,0.000238686,1.1935455779429889,443,,,,
2016-08-11T00:00:00.000Z,0.000246971,1.212281464976035,394,,,,
2016-08-18T00:00:00.000Z,0.00023097,1.574296484592947,477,,,,
2016-08-25T00:00:00.000Z,0.00023506299999999998,1.686040409995754,590,,,,
2016-09-01T00:00:00.000Z,0.000242023,1.8027212589857238,541,,,,
2016-09-08T00:00:00.000Z,0.000225513,1.976328276779016,568,,,,
2016-09-15T00:00:00.000Z,0.00023132199999999998,3.714382776532645,1304,,,,
2016-09-22T00:00:00.000Z,0.000228644,1.7936440023936011,523,,,,
2016-09-29T00:00:00.000Z,0.00023306300000000001,1.5227057691747437,468,,,,
2016-10-06T00:00:00.000Z,0.00022522799999999998,1.3901730327115747,436,,,,
2016-10-13T00:00:00.000Z,0.000218594,1.6797524217865485,555,,,,
2016-10-20T00:00:00.000Z,0.000216089,1.4212774025667232,443,,,,
2016-10-27T00:00:00.000Z,0.000220111,1.394624946787222,425,,,,
2016-11-03T00:00:00.000Z,0.000229237,1.5858153052907153,459,,,,
2016-11-10T00:00:00.000Z,0.00022104699999999999,1.694961176342437,489,,,,
2016-11-17T00:00:00.000Z,0.000218521,1.348474346308733,431,,,,
2016-11-24T00:00:00.000Z,0.000214199,2.1838732577271367,670,,,,
2016-12-01T00:00:00.000Z,0.00021396100000000003,1.8365948188285883,589,,,,
2016-12-08T00:00:00.000Z,0.00021714700000000003,2.2903081238846124,707,,,,
2016-12-15T00:00:00.000Z,0.00022700499999999999,1.414751458303625,437,,,,
2016-12-22T00:00:00.000Z,0.000223304,2.3644847553440074,825,,,,
2016-12-29T00:00:00.000Z,0.000236137,1.8337526749218307,682,,,,
2017-01-05T00:00:00.000Z,0.00021123,2.069993675149131,778,,,,
2017-01-12T00:00:00.000Z,0.00020779999999999998,1.8523405324821753,607,,,,
2017-01-19T00:00:00.000Z,0.000203735,1.3757302038699528,486,,,,
2017-01-26T00:00:00.000Z,0.00020939199999999998,1.3722278312046419,484,,,,
2017-02-02T00:00:00.000Z,0.00021065,1.4467790194249028,564,,,,
2017-02-09T00:00:00.000Z,0.00020907,1.2266014543045725,462,,,,
2017-02-16T00:00:00.000Z,0.000201662,1.0607205375340243,414,,,,
2017-02-23T00:00:00.000Z,0.000202775,1.352503888994907,682,,,,
2017-03-02T00:00:00.000Z,0.000207948,1.1510158603221985,547,,,,
2017-03-09T00:00:00.000Z,0.00024289800000000002,1.05009036756984,592,,,,
2017-03-16T00:00:00.000Z,0.000243432,0.8309811630794591,544,,,,
2017-03-23T00:00:00.000Z,0.00027213599999999997,0.9337848111371133,563,,,,
2017-03-30T00:00:00.000Z,0.000441552,1.6817145991109959,893,,,,
2017-04-06T00:00:00.000Z,0.000414131,1.0399650220994625,530,,,,
2017-04-13T00:00:00.000Z,0.000447593,1.1762545915440252,623,,,,
2017-04-20T00:00:00.000Z,0.0005437560000000001,1.1166060949393466,635,,,,
2017-04-27T00:00:00.000Z,0.000678308,1.2600917690528424,890,,,,
2017-05-04T00:00:00.000Z,0.00123893,2.529176817969807,1865,,,,
2017-05-11T00:00:00.000Z,0.00131843,1.5503639175669612,1023,,,,
2017-05-18T00:00:00.000Z,0.00365906,2.3480078995101574,2307,,,,
2017-05-25T00:00:00.000Z,0.00265701,1.837081183330391,1725,,,,
2017-06-01T00:00:00.000Z,0.00330153,1.815060838900339,1841,,,,
2017-06-08T00:00:00.000Z,0.00309163,1.925248901892557,2445,,,,
2017-06-15T00:00:00.000Z,0.00312464,1.363778619347275,2071,,,,
2017-06-22T00:00:00.000Z,0.00279303,1.0061917537798153,1296,,,,
2017-06-29T00:00:00.000Z,0.0027135,1.1308921072956504,1385,,,,
2017-07-06T00:00:00.000Z,0.0019381,0.9628210486520035,1187,,,,
2017-07-13T00:00:00.000Z,0.00168884,0.6867813503346668,863,,,,
2017-07-20T00:00:00.000Z,0.00181014,0.787452677292372,1080,,,,
2017-07-27T00:00:00.000Z,0.00178833,0.6111332261939597,913,,,,
2017-08-03T00:00:00.000Z,0.00193684,0.6642973442621131,1049,,,,
2017-08-10T00:00:00.000Z,0.00177439,0.5862186862113924,1041,,,,
2017-08-17T00:00:00.000Z,0.00173174,0.6783743239745603,1174,,,,
2017-08-24T00:00:00.000Z,0.00210522,0.7954242895523979,1444,,,,
2017-08-31T00:00:00.000Z,0.00201855,0.6686619927170103,1253,,,,
2017-09-07T00:00:00.000Z,0.00139819,0.5898358736837571,1024,,,,
2017-09-14T00:00:00.000Z,0.000862411,0.7931707403560049,1373,,,,
2017-09-21T00:00:00.000Z,0.00117286,0.8858871509556321,1458,,,,
2017-09-28T00:00:00.000Z,0.00102438,0.5461508504515918,1035,,,,
2017-10-05T00:00:00.000Z,0.00104613,0.48874798303651934,1035,,,,
2017-10-12T00:00:00.000Z,0.00104742,0.6869155456474991,1537,,,,
2017-10-19T00:00:00.000Z,0.00105571,0.5501582840974736,1413,,,,
2017-10-26T00:00:00.000Z,0.00113767,0.667955849911094,1603,,,,
2017-11-02T00:00:00.000Z,0.00122179,0.7486147966747746,1756,,,,
2017-11-09T00:00:00.000Z,0.00133873,0.5711241115071167,1956,,,,
2017-11-16T00:00:00.000Z,0.001823,0.48886212307244564,1656,,,,
2017-11-23T00:00:00.000Z,0.00208044,0.7839536865904804,2819,,,,
2017-11-30T00:00:00.000Z,0.00266259,0.7342613176519679,2467,,,,
2017-12-07T00:00:00.000Z,0.00346082,0.8290917481617988,3496,,,,
2017-12-14T00:00:00.000Z,0.00666132,1.3745910590658403,6164,,,,
2017-12-21T00:00:00.000Z,0.00887206,1.9844452445175012,7833,,,,
2017-12-28T00:00:00.000Z,0.00931969,1.2283450984325202,5234,,,,
2018-01-04T00:00:00.000Z,0.0131021,1.902285140213817,9609,,,,
2018-01-11T00:00:00.000Z,0.00764791,1.5163638157528532,6427,,,,
2018-01-18T00:00:00.000Z,0.00708314,1.456952551686721,5235,,,,
2018-01-25T00:00:00.000Z,0.00601021,1.2171715880830016,4242,,,,
2018-02-01T00:00:00.000Z,0.00429693,1.3173820473000217,4484,,,,
2018-02-08T00:00:00.000Z,0.00673031,1.8967377848836047,7112,,,,
2018-02-15T00:00:00.000Z,0.00658094,1.9481776332566345,7945,,,,
2018-02-22T00:00:00.000Z,0.00601827,1.2260403979539014,4391,,,,
2018-03-01T00:00:00.000Z,0.00402424,2.4291436299176716,8989,,,,
2018-03-08T00:00:00.000Z,0.00352358,1.6608802632520516,5428,,,,
2018-03-15T00:00:00.000Z,0.00365858,1.1730257640182837,3662,,,,
2018-03-22T00:00:00.000Z,0.00314063,0.9568247015784208,3013,,,,
2018-03-29T00:00:00.000Z,0.00277028,0.9426602504046937,2878,,,,
2018-04-05T00:00:00.000Z,0.00339641,0.7620668504749621,2401,,,,
2018-04-12T00:00:00.000Z,0.00541207,0.7774353731872412,2762,,,,
2018-04-19T00:00:00.000Z,0.00509312,0.721930240807916,2540,,,,
2018-04-26T00:00:00.000Z,0.00527289,0.6738089089280616,2342,,,,
2018-05-03T00:00:00.000Z,0.00509255,0.7034984805353901,2399,,,,
2018-05-10T00:00:00.000Z,0.00438535,0.5921538036226152,1852,,,,
2018-05-17T00:00:00.000Z,0.00359065,0.6851128005915111,1995,,,,
2018-05-24T00:00:00.000Z,0.00335353,0.5511200460593539,1513,,,,
2018-05-31T00:00:00.000Z,0.00378681,0.607753509295146,1648,,,,
2018-06-07T00:00:00.000Z,0.00281681,0.5808279788689146,1479,,,,
2018-06-14T00:00:00.000Z,0.00302053,0.8052250041136388,1902,,,,
2018-06-21T00:00:00.000Z,0.0024373,0.7735736804805778,1931,,,,
2018-06-28T00:00:00.000Z,0.00268017,0.6862895487235919,1660,,,,
2018-07-05T00:00:00.000Z,0.00242506,0.7287298319946012,1634,,,,
2018-07-12T00:00:00.000Z,0.00368159,0.8962794628408555,2332,,,,
2018-07-19T00:00:00.000Z,0.00354272,0.8467979373864536,2177,,,,
2018-07-26T00:00:00.000Z,0.0031595,0.6854969138927689,1599,,,,
2018-08-02T00:00:00.000Z,0.00241452,0.7138684173307027,2007,,,,
2018-08-09T00:00:00.000Z,0.0023033,0.5520647885831285,1619,,,,
2018-08-16T00:00:00.000Z,0.00231455,0.6364973342145703,1548,,,,
2018-08-23T00:00:00.000Z,0.00260555,0.5423232811440964,1342,,,,
2018-08-30T00:00:00.000Z,0.00493072,2.5423223094753813,6053,,,,
2018-09-06T00:00:00.000Z,0.00645539,1.9417160149192336,4635,,,,
2018-09-13T00:00:00.000Z,0.005603107,1.5447229862812941,3273,,,,
2018-09-20T00:00:00.000Z,0.0056946,1.4155007903422652,3301,,,,
2018-09-27T00:00:00.000Z,0.005703075,0.9803652435810951,1901,,,,
2018-10-04T00:00:00.000Z,0.0055481149000000006,1.129230700122588,2000,,,,
2018-10-11T00:00:00.000Z,0.00459894,1.5191302978378136,3137,,,,
2018-10-18T00:00:00.000Z,0.0039152103,0.9275745875855371,1905,,,,
2018-10-25T00:00:00.000Z,0.00376395,0.7584234271727928,1544,,,,
2018-11-01T00:00:00.000Z,0.0036335188,0.6596050035244313,1477,,,,
2018-11-08T00:00:00.000Z,0.0027026277000000002,0.8940110106343823,1710,,,,
2018-11-15T00:00:00.000Z,0.00244797,0.6715791135274239,1778,,,,
2018-11-22T00:00:00.000Z,0.00224621,0.686361116626854,2023,,,,
2018-11-29T00:00:00.000Z,0.00218024624454,0.6928180841994174,1474,,,,
2018-12-06T00:00:00.000Z,0.00211097680037,0.5889463792203891,1385,,,,
2018-12-13T00:00:00.000Z,0.00271961866985,0.6615622022895997,1443,,,,
2018-12-20T00:00:00.000Z,0.00247398956684,0.8252584097965961,1653,,,,
2018-12-27T00:00:00.000Z,0.00240653701802,1.039727425561634,1915,,,,
2019-01-03T00:00:00.000Z,0.00226598952235,0.8793251962550479,1995,,,,
2019-01-10T00:00:00.000Z,0.00213405429964,1.4242981561501014,3263,,,,
2019-01-17T00:00:00.000Z,0.00204289502178,3.93903092049129,9467,,,,
2019-01-24T00:00:00.000Z,0.00196119383956,4.586507922847039,12402,,,,
2019-01-31T00:00:00.000Z,0.001865502213,2.1391468968709644,6197,,,,
2019-02-07T00:00:00.000Z,0.00189344438625,1.062849981154785,1645,,,,
2019-02-14T00:00:00.000Z,0.00207896190807,1.1585454215578561,1970,,,,
2019-02-21T00:00:00.000Z,0.00201187476759,1.4864363026589338,2346,,,,
2019-02-28T00:00:00.000Z,0.00198295260946,1.0916695044733757,1451,,,,
2019-03-07T00:00:00.000Z,0.0020251270112,0.8654923775512308,1377,,,,
2019-03-14T00:00:00.000Z,0.00206078185436,1.0319245684055989,1463,,130144,,
2019-03-18T00:00:00.000Z,0.00206078185436,1.0319245684055989,1463,,130144,-64,
2019-03-19T00:00:00.000Z,0.00206078185436,1.0319245684055989,1463,,130144,-7,
2019-03-20T00:00:00.000Z,0.00206078185436,1.0319245684055989,1463,,130144,-16,
2019-03-21T00:00:00.000Z,0.00208497919731,1.0319245684055989,1463,,130144,88,124
2019-03-22T00:00:00.000Z,0.00208497919731,1.0319245684055989,1463,,130144,-6,124
2019-03-23T00:00:00.000Z,0.00208497919731,1.0319245684055989,1463,,130144,12,124
2019-03-24T00:00:00.000Z,0.00208497919731,1.0319245684055989,1463,,130144,37,124
2019-03-25T00:00:00.000Z,0.00208497919731,1.0319245684055989,1463,,130144,7,124
2019-03-26T00:00:00.000Z,0.00208497919731,1.0319245684055989,1463,,130144,25,124
2019-03-27T00:00:00.000Z,0.00208497919731,1.0319245684055989,1463,,130144,-39,124
2019-03-28T00:00:00.000Z,0.00315843657788,1.3228745139104157,2597,,133360,70,3092
2019-03-29T00:00:00.000Z,0.00315843657788,1.3228745139104157,2597,,133360,-9,3092
2019-03-30T00:00:00.000Z,0.00315843657788,1.3228745139104157,2597,,133360,49,3092
2019-03-31T00:00:00.000Z,0.00315843657788,1.3228745139104157,2597,,133360,49,3092
2019-04-01T00:00:00.000Z,0.00315843657788,1.3228745139104157,2597,,133360,61,3092
2019-04-02T00:00:00.000Z,0.00315843657788,1.3228745139104157,2597,,133360,1484,3092
2019-04-03T00:00:00.000Z,0.00315843657788,1.3228745139104157,2597,,133360,1388,3092
2019-04-04T00:00:00.000Z,0.00302149908163,1.6834230617503847,2834,,134456,472,1096
2019-04-05T00:00:00.000Z,0.00302149908163,1.6834230617503847,2834,,134456,213,1096
2019-04-06T00:00:00.000Z,0.00302149908163,1.6834230617503847,2834,,134456,120,1096
2019-04-07T00:00:00.000Z,0.00302149908163,1.6834230617503847,2834,,134456,97,1096
2019-04-08T00:00:00.000Z,0.00302149908163,1.6834230617503847,2834,,134456,60,1096
2019-04-09T00:00:00.000Z,0.00302149908163,1.6834230617503847,2834,,134456,40,1096
2019-04-10T00:00:00.000Z,0.00302149908163,1.6834230617503847,2834,,134456,94,1096
2019-04-11T00:00:00.000Z,0.00280978553685,1.1027859857167457,1813,,134752,9,296
2019-04-12T00:00:00.000Z,0.00280978553685,1.1027859857167457,1813,,134752,47,296
2019-04-13T00:00:00.000Z,0.00280978553685,1.1027859857167457,1813,,134752,50,296
2019-04-14T00:00:00.000Z,0.00280978553685,1.1027859857167457,1813,,134752,71,296
2019-04-15T00:00:00.000Z,0.00280978553685,1.1027859857167457,1813,,134752,33,296
2019-04-16T00:00:00.000Z,0.00280978553685,1.1027859857167457,1813,,134752,5,296
2019-04-17T00:00:00.000Z,0.00280978553685,1.1027859857167457,1813,,134752,81,296
2019-04-18T00:00:00.000Z,0.00259910442497,1.2802116304961764,3394,,135082,44,330
2019-04-19T00:00:00.000Z,0.00259910442497,1.2802116304961764,3394,,135082,109,330
2019-04-20T00:00:00.000Z,0.00259910442497,1.2802116304961764,3394,,135082,28,330
2019-04-21T00:00:00.000Z,0.00259910442497,1.2802116304961764,3394,,135082,29,330
2019-04-22T00:00:00.000Z,0.00259910442497,1.2802116304961764,3394,,135082,35,330
2019-04-23T00:00:00.000Z,0.00259910442497,1.2802116304961764,3394,,135082,72,330
2019-04-24T00:00:00.000Z,0.00259910442497,1.2802116304961764,3394,,135082,13,330
2019-04-25T00:00:00.000Z,0.00252120797696,1.0550271809674172,1860,,135173,10,91
2019-04-26T00:00:00.000Z,0.00252120797696,1.0550271809674172,1860,,135173,32,91
2019-04-27T00:00:00.000Z,0.00252120797696,1.0550271809674172,1860,,135173,-12,91
2019-04-28T00:00:00.000Z,0.00252120797696,1.0550271809674172,1860,,135173,47,91
2019-04-29T00:00:00.000Z,0.00252120797696,1.0550271809674172,1860,,135173,0,91
2019-04-30T00:00:00.000Z,0.00252120797696,1.0550271809674172,1860,,135173,-14,91
2019-05-01T00:00:00.000Z,0.00252120797696,1.0550271809674172,1860,,135173,28,91
2019-05-02T00:00:00.000Z,0.00253686734248,1.0306799639424353,1843,,135300,57,127
2019-05-03T00:00:00.000Z,0.00253686734248,1.0306799639424353,1843,,135300,18,127
2019-05-04T00:00:00.000Z,0.00253686734248,1.0306799639424353,1843,,135300,1,127
2019-05-05T00:00:00.000Z,0.00253686734248,1.0306799639424353,1843,,135300,35,127
2019-05-06T00:00:00.000Z,0.00253686734248,1.0306799639424353,1843,,135300,5,127
2019-05-07T00:00:00.000Z,0.00253686734248,1.0306799639424353,1843,,135300,-13,127
2019-05-08T00:00:00.000Z,0.00253686734248,1.0306799639424353,1843,,135300,24,127
2019-05-09T00:00:00.000Z,0.00330800911299,0.9018808879269978,2392,,135411,13,111
2019-05-10T00:00:00.000Z,0.00330800911299,0.9018808879269978,2392,,135411,65,111
2019-05-11T00:00:00.000Z,0.00330800911299,0.9018808879269978,2392,,135411,1,111
2019-05-12T00:00:00.000Z,0.00330800911299,0.9018808879269978,2392,,135411,21,111
2019-05-13T00:00:00.000Z,0.00330800911299,0.9018808879269978,2392,,135411,-18,111
2019-05-14T00:00:00.000Z,0.00330800911299,0.9018808879269978,2392,,135411,-7,111
2019-05-15T00:00:00.000Z,0.00330800911299,0.9018808879269978,2392,,135411,36,111
2019-05-16T00:00:00.000Z,0.00293864579626,0.7685963384589954,1857,,135500,37,89
2019-05-17T00:00:00.000Z,0.00293864579626,0.7685963384589954,1857,,135500,-13,89
2019-05-18T00:00:00.000Z,0.00293864579626,0.7685963384589954,1857,,135500,6,89
2019-05-19T00:00:00.000Z,0.00293864579626,0.7685963384589954,1857,,135500,39,89
2019-05-20T00:00:00.000Z,0.00293864579626,0.7685963384589954,1857,,135500,29,89
2019-05-21T00:00:00.000Z,0.00293864579626,0.7685963384589954,1857,,135500,0,89
2019-05-22T00:00:00.000Z,0.00293864579626,0.7685963384589954,1857,,135500,-9,89
2019-05-23T00:00:00.000Z,0.00312702673996,0.9416678934694466,2265,,135698,12,198
2019-05-24T00:00:00.000Z,0.00312702673996,0.9416678934694466,2265,,135698,23,198
2019-05-25T00:00:00.000Z,0.00312702673996,0.9416678934694466,2265,,135698,15,198
2019-05-26T00:00:00.000Z,0.00312702673996,0.9416678934694466,2265,,135698,46,198
2019-05-27T00:00:00.000Z,0.00312702673996,0.9416678934694466,2265,,135698,33,198
2019-05-28T00:00:00.000Z,0.00312702673996,0.9416678934694466,2265,,135698,47,198
2019-05-29T00:00:00.000Z,0.00312702673996,0.9416678934694466,2265,,135698,22,198
2019-05-30T00:00:00.000Z,0.00307035718642,1.1086488653626991,2295,,135795,27,97
2019-05-31T00:00:00.000Z,0.00307035718642,1.1086488653626991,2295,,135795,0,97
2019-06-01T00:00:00.000Z,0.00307035718642,1.1086488653626991,2295,,135795,32,97
2019-06-02T00:00:00.000Z,0.00307035718642,1.1086488653626991,2295,,135795,24,97
2019-06-03T00:00:00.000Z,0.00307035718642,1.1086488653626991,2295,,135795,15,97
2019-06-04T00:00:00.000Z,0.00307035718642,1.1086488653626991,2295,,135795,16,97
2019-06-05T00:00:00.000Z,0.00307035718642,1.1086488653626991,2295,,135795,-17,97
2019-06-06T00:00:00.000Z,0.00306692117299,0.9082214342427094,1637,,135735,-50,-60
2019-06-07T00:00:00.000Z,0.00306692117299,0.9082214342427094,1637,,135735,-63,-60
2019-06-08T00:00:00.000Z,0.00306692117299,0.9082214342427094,1637,,135735,-15,-60
2019-06-09T00:00:00.000Z,0.00306692117299,0.9082214342427094,1637,,135735,29,-60
2019-06-10T00:00:00.000Z,0.00306692117299,0.9082214342427094,1637,,135735,4,-60
2019-06-11T00:00:00.000Z,0.00306692117299,0.9082214342427094,1637,,135735,32,-60
2019-06-12T00:00:00.000Z,0.00306692117299,0.9082214342427094,1637,,135735,3,-60
2019-06-13T00:00:00.000Z,0.00312959950892,0.6124171758780348,1662,,135853,-5,118
2019-06-14T00:00:00.000Z,0.00312959950892,0.6124171758780348,1662,,135853,-32,118
2019-06-15T00:00:00.000Z,0.00312959950892,0.6124171758780348,1662,,135853,30,118
2019-06-16T00:00:00.000Z,0.00312959950892,0.6124171758780348,1662,,135853,49,118
2019-06-17T00:00:00.000Z,0.00312959950892,0.6124171758780348,1662,,135853,45,118
2019-06-18T00:00:00.000Z,0.00312959950892,0.6124171758780348,1662,,135853,17,118
2019-06-19T00:00:00.000Z,0.00312959950892,0.6124171758780348,1662,,135853,14,118
2019-06-20T00:00:00.000Z,0.00337923724936,0.7164338221375467,2412,,136011,-4,158
2019-06-21T00:00:00.000Z,0.00337923724936,0.7164338221375467,2412,,136011,45,158
2019-06-22T00:00:00.000Z,0.00337923724936,0.7164338221375467,2412,,136011,20,158
2019-06-23T00:00:00.000Z,0.00337923724936,0.7164338221375467,2412,,136011,44,158
2019-06-24T00:00:00.000Z,0.00337923724936,0.7164338221375467,2412,,136011,20,158
2019-06-25T00:00:00.000Z,0.00337923724936,0.7164338221375467,2412,,136011,36,158
2019-06-26T00:00:00.000Z,0.00337923724936,0.7164338221375467,2412,,136011,-3,158
2019-06-27T00:00:00.000Z,0.00331308749218,0.7340297675713868,2450,,136245,31,234
2019-06-28T00:00:00.000Z,0.00331308749218,0.7340297675713868,2450,,136245,80,234
2019-06-29T00:00:00.000Z,0.00331308749218,0.7340297675713868,2450,,136245,-1,234
2019-06-30T00:00:00.000Z,0.00331308749218,0.7340297675713868,2450,,136245,24,234
2019-07-01T00:00:00.000Z,0.00331308749218,0.7340297675713868,2450,,136245,41,234
2019-07-02T00:00:00.000Z,0.00331308749218,0.7340297675713868,2450,,136245,29,234
2019-07-03T00:00:00.000Z,0.00331308749218,0.7340297675713868,2450,,136245,30,234
2019-07-04T00:00:00.000Z,0.00341678251027,1.7581250658120433,4932,,137265,21,1020
2019-07-05T00:00:00.000Z,0.00341678251027,1.7581250658120433,4932,,137265,367,1020
2019-07-06T00:00:00.000Z,0.00341678251027,1.7581250658120433,4932,,137265,254,1020
2019-07-07T00:00:00.000Z,0.00341678251027,1.7581250658120433,4932,,137265,193,1020
2019-07-08T00:00:00.000Z,0.00341678251027,1.7581250658120433,4932,,137265,79,1020
2019-07-09T00:00:00.000Z,0.00341678251027,1.7581250658120433,4932,,137265,59,1020
2019-07-10T00:00:00.000Z,0.00341678251027,1.7581250658120433,4932,,137265,47,1020
2019-07-11T00:00:00.000Z,0.00303022431332,0.7251255598979665,1667,,137506,49,241
2019-07-12T00:00:00.000Z,0.00303022431332,0.7251255598979665,1667,,137506,11,241
2019-07-13T00:00:00.000Z,0.00303022431332,0.7251255598979665,1667,,137506,39,241
2019-07-14T00:00:00.000Z,0.00303022431332,0.7251255598979665,1667,,137506,35,241
2019-07-15T00:00:00.000Z,0.00303022431332,0.7251255598979665,1667,,137506,61,241
2019-07-16T00:00:00.000Z,0.00303022431332,0.7251255598979665,1667,,137506,18,241
2019-07-17T00:00:00.000Z,0.00303022431332,0.7251255598979665,1667,,137506,28,241
2019-07-18T00:00:00.000Z,0.00291547795852,0.5282312560372002,1242,,137662,26,156
2019-07-19T00:00:00.000Z,0.00291547795852,0.5282312560372002,1242,,137662,-4,156
2019-07-20T00:00:00.000Z,0.00291547795852,0.5282312560372002,1242,,137662,25,156
2019-07-21T00:00:00.000Z,0.00291547795852,0.5282312560372002,1242,,137662,37,156
2019-07-22T00:00:00.000Z,0.00291547795852,0.5282312560372002,1242,,137662,34,156
2019-07-23T00:00:00.000Z,0.00291547795852,0.5282312560372002,1242,,137662,20,156
2019-07-24T00:00:00.000Z,0.00291547795852,0.5282312560372002,1242,,137662,18,156
2019-07-25T00:00:00.000Z,0.00289941534866,0.46633072701500733,929,,137815,23,153
2019-07-26T00:00:00.000Z,0.00289941534866,0.46633072701500733,929,,137815,9,153
2019-07-27T00:00:00.000Z,0.00289941534866,0.46633072701500733,929,,137815,20,153
2019-07-28T00:00:00.000Z,0.00289941534866,0.46633072701500733,929,,137815,37,153
2019-07-29T00:00:00.000Z,0.00289941534866,0.46633072701500733,929,,137815,26,153
2019-07-30T00:00:00.000Z,0.00289941534866,0.46633072701500733,929,,137815,15,153
2019-07-31T00:00:00.000Z,0.00289941534866,0.46633072701500733,929,,137815,23,153
2019-08-01T00:00:00.000Z,0.00300592973309,0.535435450014652,1088,,137999,16,184
2019-08-02T00:00:00.000Z,0.00300592973309,0.535435450014652,1088,,137999,43,184
2019-08-03T00:00:00.000Z,0.00300592973309,0.535435450014652,1088,,137999,31,184
2019-08-04T00:00:00.000Z,0.00300592973309,0.535435450014652,1088,,137999,26,184
2019-08-05T00:00:00.000Z,0.00300592973309,0.535435450014652,1088,,137999,23,184
2019-08-06T00:00:00.000Z,0.00300592973309,0.535435450014652,1088,,137999,16,184
2019-08-07T00:00:00.000Z,0.00300592973309,0.535435450014652,1088,,137999,29,184
2019-08-08T00:00:00.000Z,0.00272167400307,0.5646213630840803,1123,,138003,27,4
2019-08-09T00:00:00.000Z,0.00272167400307,0.5646213630840803,1123,,138003,8,4
2019-08-10T00:00:00.000Z,0.00272167400307,0.5646213630840803,1123,,138003,5,4
2019-08-11T00:00:00.000Z,0.00272167400307,0.5646213630840803,1123,,138003,-13,4
2019-08-12T00:00:00.000Z,0.00272167400307,0.5646213630840803,1123,,138003,12,4
2019-08-13T00:00:00.000Z,0.00272167400307,0.5646213630840803,1123,,138003,-13,4
2019-08-14T00:00:00.000Z,0.00272167400307,0.5646213630840803,1123,,138003,-22,4
2019-08-15T00:00:00.000Z,0.00267461519663,0.7273128703569915,1390,,138013,3,10
2019-08-16T00:00:00.000Z,0.00267461519663,0.7273128703569915,1390,,138013,-4,10
2019-08-17T00:00:00.000Z,0.00267461519663,0.7273128703569915,1390,,138013,14,10
2019-08-18T00:00:00.000Z,0.00267461519663,0.7273128703569915,1390,,138013,-1,10
2019-08-19T00:00:00.000Z,0.00267461519663,0.7273128703569915,1390,,138013,-25,10
2019-08-20T00:00:00.000Z,0.00267461519663,0.7273128703569915,1390,,138013,16,10
2019-08-21T00:00:00.000Z,0.00267461519663,0.7273128703569915,1390,,138013,7,10
2019-08-22T00:00:00.000Z,0.00252366275923,1.000245190541025,2170,,138143,20,130
2019-08-23T00:00:00.000Z,0.00252366275923,1.000245190541025,2170,,138143,2,130
2019-08-24T00:00:00.000Z,0.00252366275923,1.000245190541025,2170,,138143,23,130
2019-08-25T00:00:00.000Z,0.00252366275923,1.000245190541025,2170,,138143,-1,130
2019-08-26T00:00:00.000Z,0.00252366275923,1.000245190541025,2170,,138143,-1,130
2019-08-27T00:00:00.000Z,0.00252366275923,1.000245190541025,2170,,138143,51,130
2019-08-28T00:00:00.000Z,0.00252366275923,1.000245190541025,2170,,138143,36,130
2019-08-29T00:00:00.000Z,0.00268966955089,0.5307971984121422,866,,138216,-2,73
2019-08-30T00:00:00.000Z,0.00268966955089,0.5307971984121422,866,,138216,16,73
2019-08-31T00:00:00.000Z,0.00268966955089,0.5307971984121422,866,,138216,26,73
2019-09-01T00:00:00.000Z,0.00268966955089,0.5307971984121422,866,,138216,17,73
2019-09-02T00:00:00.000Z,0.00268966955089,0.5307971984121422,866,,138216,26,73
2019-09-03T00:00:00.000Z,0.00268966955089,0.5307971984121422,866,,138216,-17,73
2019-09-04T00:00:00.000Z,0.00268966955089,0.5307971984121422,866,,138216,7,73
2019-09-05T00:00:00.000Z,0.00239868212727,0.9759052330296257,2490,,138181,12,-35
2019-09-06T00:00:00.000Z,0.00239868212727,0.9759052330296257,2490,,138181,-46,-35
2019-09-07T00:00:00.000Z,0.00239868212727,0.9759052330296257,2490,,138181,-10,-35
2019-09-08T00:00:00.000Z,0.00239868212727,0.9759052330296257,2490,,138181,3,-35
2019-09-09T00:00:00.000Z,0.00239868212727,0.9759052330296257,2490,,138181,9,-35
2019-09-10T00:00:00.000Z,0.00239868212727,0.9759052330296257,2490,,138181,3,-35
2019-09-11T00:00:00.000Z,0.00239868212727,0.9759052330296257,2490,,138181,-6,-35
2019-09-12T00:00:00.000Z,0.00271855433678,1.0573517877324388,1643,,138222,14,41
2019-09-13T00:00:00.000Z,0.00271855433678,1.0573517877324388,1643,,138222,2,41
2019-09-14T00:00:00.000Z,0.00271855433678,1.0573517877324388,1643,,138222,-10,41
2019-09-15T00:00:00.000Z,0.00271855433678,1.0573517877324388,1643,,138222,7,41
2019-09-16T00:00:00.000Z,0.00271855433678,1.0573517877324388,1643,,138222,9,41
2019-09-17T00:00:00.000Z,0.00271855433678,1.0573517877324388,1643,,138222,23,41
2019-09-18T00:00:00.000Z,0.00271855433678,1.0573517877324388,1643,,138222,-4,41
2019-09-19T00:00:00.000Z,0.00219684791891,0.6565244226486378,888,,138233,2,11
2019-09-20T00:00:00.000Z,0.00219684791891,0.6565244226486378,888,,138233,-2,11
2019-09-21T00:00:00.000Z,0.00219684791891,0.6565244226486378,888,,138233,-1,11
2019-09-22T00:00:00.000Z,0.00219684791891,0.6565244226486378,888,,138233,1,11
2019-09-23T00:00:00.000Z,0.00219684791891,0.6565244226486378,888,,138233,8,11
2019-09-24T00:00:00.000Z,0.00219684791891,0.6565244226486378,888,,138233,-3,11
2019-09-25T00:00:00.000Z,0.00219684791891,0.6565244226486378,888,,138233,6,11
2019-09-26T00:00:00.000Z,0.00235143679156,0.7916392039922195,1022,,138222,-6,-11
2019-09-27T00:00:00.000Z,0.00235143679156,0.7916392039922195,1022,,138222,-29,-11
2019-09-28T00:00:00.000Z,0.00235143679156,0.7916392039922195,1022,,138222,23,-11
2019-09-29T00:00:00.000Z,0.00235143679156,0.7916392039922195,1022,,138222,-6,-11
2019-09-30T00:00:00.000Z,0.00235143679156,0.7916392039922195,1022,,138222,4,-11
2019-10-01T00:00:00.000Z,0.00235143679156,0.7916392039922195,1022,,138222,4,-11
2019-10-02T00:00:00.000Z,0.00235143679156,0.7916392039922195,1022,,138222,-1,-11
2019-10-03T00:00:00.000Z,0.00238787109086,0.7337255105955536,991,,138307,30,85
2019-10-04T00:00:00.000Z,0.00238787109086,0.7337255105955536,991,,138307,15,85
2019-10-05T00:00:00.000Z,0.00238787109086,0.7337255105955536,991,,138307,36,85
2019-10-06T00:00:00.000Z,0.00238787109086,0.7337255105955536,991,,138307,4,85
2019-10-07T00:00:00.000Z,0.00238787109086,0.7337255105955536,991,,138307,0,85
2019-10-08T00:00:00.000Z,0.00238787109086,0.7337255105955536,991,,138307,-11,85
2019-10-09T00:00:00.000Z,0.00238787109086,0.7337255105955536,991,,138307,11,85
2019-10-10T00:00:00.000Z,0.00260745779369,1.6469759577397036,2326,,138295,19,-12
2019-10-11T00:00:00.000Z,0.00260745779369,1.6469759577397036,2326,,138295,-39,-12
2019-10-12T00:00:00.000Z,0.00260745779369,1.6469759577397036,2326,,138295,-19,-12
2019-10-13T00:00:00.000Z,0.00260745779369,1.6469759577397036,2326,,138295,15,-12
2019-10-14T00:00:00.000Z,0.00260745779369,1.6469759577397036,2326,,138295,19,-12
2019-10-15T00:00:00.000Z,0.00260745779369,1.6469759577397036,2326,,138295,-8,-12
2019-10-16T00:00:00.000Z,0.00260745779369,1.6469759577397036,2326,,138295,1,-12
2019-10-17T00:00:00.000Z,0.00249487883613,1.0228242623051338,1511,,138326,-8,31
2019-10-18T00:00:00.000Z,0.00249487883613,1.0228242623051338,1511,,138326,10,31
2019-10-19T00:00:00.000Z,0.00249487883613,1.0228242623051338,1511,,138326,-3,31
2019-10-20T00:00:00.000Z,0.00249487883613,1.0228242623051338,1511,,138326,9,31
2019-10-21T00:00:00.000Z,0.00249487883613,1.0228242623051338,1511,,138326,29,31
2019-10-22T00:00:00.000Z,0.00249487883613,1.0228242623051338,1511,,138326,-23,31
2019-10-23T00:00:00.000Z,0.00249487883613,1.0228242623051338,1511,,138326,17,31
2019-10-24T00:00:00.000Z,0.00261642030127,1.3955899902684468,2276,,138376,23,50
2019-10-25T00:00:00.000Z,0.00261642030127,1.3955899902684468,2276,,138376,22,50
2019-10-26T00:00:00.000Z,0.00261642030127,1.3955899902684468,2276,,138376,10,50
2019-10-27T00:00:00.000Z,0.00261642030127,1.3955899902684468,2276,,138376,-9,50
2019-10-28T00:00:00.000Z,0.00261642030127,1.3955899902684468,2276,,138376,-4,50
2019-10-29T00:00:00.000Z,0.00261642030127,1.3955899902684468,2276,,138376,-8,50
2019-10-30T00:00:00.000Z,0.00261642030127,1.3955899902684468,2276,,138376,16,50
2019-10-31T00:00:00.000Z,0.00262804220587,1.2393995596919773,1798,,138456,19,80
2019-11-01T00:00:00.000Z,0.00262804220587,1.2393995596919773,1798,,138456,0,80
2019-11-02T00:00:00.000Z,0.00262804220587,1.2393995596919773,1798,,138456,15,80
2019-11-03T00:00:00.000Z,0.00262804220587,1.2393995596919773,1798,,138456,11,80
2019-11-04T00:00:00.000Z,0.00262804220587,1.2393995596919773,1798,,138456,11,80
2019-11-05T00:00:00.000Z,0.00262804220587,1.2393995596919773,1798,,138456,6,80
2019-11-06T00:00:00.000Z,0.00262804220587,1.2393995596919773,1798,,138456,18,80
2019-11-07T00:00:00.000Z,0.00269410145553,0.954742580388356,1409,,138337,-8,-119
2019-11-08T00:00:00.000Z,0.00269410145553,0.954742580388356,1409,,138337,5,-119
2019-11-09T00:00:00.000Z,0.00269410145553,0.954742580388356,1409,,138337,-16,-119
2019-11-10T00:00:00.000Z,0.00269410145553,0.954742580388356,1409,,138337,20,-119
2019-11-11T00:00:00.000Z,0.00269410145553,0.954742580388356,1409,,138337,-4,-119
2019-11-12T00:00:00.000Z,0.00269410145553,0.954742580388356,1409,,138337,-63,-119
2019-11-13T00:00:00.000Z,0.00269410145553,0.954742580388356,1409,,138337,-53,-119
2019-11-14T00:00:00.000Z,0.00255633191631,0.5390014732803053,809,,138266,-32,-71
2019-11-15T00:00:00.000Z,0.00255633191631,0.5390014732803053,809,,138266,3,-71
2019-11-16T00:00:00.000Z,0.00255633191631,0.5390014732803053,809,,138266,16,-71
2019-11-17T00:00:00.000Z,0.00255633191631,0.5390014732803053,809,,138266,-16,-71
2019-11-18T00:00:00.000Z,0.00255633191631,0.5390014732803053,809,,138266,-15,-71
2019-11-19T00:00:00.000Z,0.00255633191631,0.5390014732803053,809,,138266,-18,-71
2019-11-20T00:00:00.000Z,0.00255633191631,0.5390014732803053,809,,138266,-9,-71
2019-11-21T00:00:00.000Z,0.00233885461162,0.39384331254162963,635,,138161,-18,-105
2019-11-22T00:00:00.000Z,0.00233885461162,0.39384331254162963,635,,138161,-8,-105
2019-11-23T00:00:00.000Z,0.00233885461162,0.39384331254162963,635,,138161,-19,-105
2019-11-24T00:00:00.000Z,0.00233885461162,0.39384331254162963,635,,138161,-9,-105
2019-11-25T00:00:00.000Z,0.00233885461162,0.39384331254162963,635,,138161,-13,-105
2019-11-26T00:00:00.000Z,0.00233885461162,0.39384331254162963,635,,138161,-31,-105
2019-11-27T00:00:00.000Z,0.00233885461162,0.39384331254162963,635,,138161,-7,-105
2019-11-28T00:00:00.000Z,0.00220821626823,0.48571644347146264,682,,138035,3,-126
2019-11-29T00:00:00.000Z,0.00220821626823,0.48571644347146264,682,,138035,22,-126
2019-11-30T00:00:00.000Z,0.00220821626823,0.48571644347146264,682,,138035,-5,-126
2019-12-01T00:00:00.000Z,0.00220821626823,0.48571644347146264,682,,138035,-13,-126
2019-12-02T00:00:00.000Z,0.00220821626823,0.48571644347146264,682,,138035,-27,-126
2019-12-03T00:00:00.000Z,0.00220821626823,0.48571644347146264,682,,138035,-118,-126
2019-12-04T00:00:00.000Z,0.00220821626823,0.48571644347146264,682,,138035,12,-126
2019-12-05T00:00:00.000Z,0.00218447783034,0.5930863926433052,868,,138124,-8,89
2019-12-06T00:00:00.000Z,0.00218447783034,0.5930863926433052,868,,138124,-11,89
2019-12-07T00:00:00.000Z,0.00218447783034,0.5930863926433052,868,,138124,33,89
2019-12-08T00:00:00.000Z,0.00218447783034,0.5930863926433052,868,,138124,6,89
2019-12-09T00:00:00.000Z,0.00218447783034,0.5930863926433052,868,,138124,60,89
2019-12-10T00:00:00.000Z,0.00218447783034,0.5930863926433052,868,,138124,11,89
2019-12-11T00:00:00.000Z,0.00218447783034,0.5930863926433052,868,,138124,-2,89
2019-12-12T00:00:00.000Z,0.00218239648028,0.6970421864929373,965,,138107,14,-17
2019-12-13T00:00:00.000Z,0.00218239648028,0.6970421864929373,965,,138107,-2,-17
2019-12-14T00:00:00.000Z,0.00218239648028,0.6970421864929373,965,,138107,4,-17
2019-12-15T00:00:00.000Z,0.00218239648028,0.6970421864929373,965,,138107,7,-17
2019-12-16T00:00:00.000Z,0.00218239648028,0.6970421864929373,965,,138107,-12,-17
2019-12-17T00:00:00.000Z,0.00218239648028,0.6970421864929373,965,,138107,-38,-17
2019-12-18T00:00:00.000Z,0.00218239648028,0.6970421864929373,965,,138107,10,-17
2019-12-19T00:00:00.000Z,0.00208798609332,0.6470930076703165,760,,138351,148,244
2019-12-20T00:00:00.000Z,0.00208798609332,0.6470930076703165,760,,138351,70,244
2019-12-21T00:00:00.000Z,0.00208798609332,0.6470930076703165,760,,138351,1,244
2019-12-22T00:00:00.000Z,0.00208798609332,0.6470930076703165,760,,138351,1,244
2019-12-23T00:00:00.000Z,0.00208798609332,0.6470930076703165,760,,138351,17,244
2019-12-24T00:00:00.000Z,0.00208798609332,0.6470930076703165,760,,138351,11,244
2019-12-25T00:00:00.000Z,0.00208798609332,0.6470930076703165,760,,138351,-4,244
2019-12-26T00:00:00.000Z,0.00203060136508,0.753615697153434,934,,138308,-31,-43
2019-12-27T00:00:00.000Z,0.00203060136508,0.753615697153434,934,,138308,-21,-43
2019-12-28T00:00:00.000Z,0.00203060136508,0.753615697153434,934,,138308,-13,-43
2019-12-29T00:00:00.000Z,0.00203060136508,0.753615697153434,934,,138308,-3,-43
2019-12-30T00:00:00.000Z,0.00203060136508,0.753615697153434,934,,138308,8,-43
2019-12-31T00:00:00.000Z,0.00203060136508,0.753615697153434,934,,138308,22,-43
2020-01-01T00:00:00.000Z,0.00203060136508,0.753615697153434,934,,138308,-5,-43
2020-01-02T00:00:00.000Z,0.00229289,0.8616795099349444,1302,,138375,3,67
2020-01-03T00:00:00.000Z,0.00229289,0.8616795099349444,1302,,138375,-25,67
2020-01-04T00:00:00.000Z,0.00229289,0.8616795099349444,1302,,138375,9,67
2020-01-05T00:00:00.000Z,0.00229289,0.8616795099349444,1302,,138375,34,67
2020-01-06T00:00:00.000Z,0.00229289,0.8616795099349444,1302,,138375,-2,67
2020-01-07T00:00:00.000Z,0.00229289,0.8616795099349444,1302,,138375,18,67
2020-01-08T00:00:00.000Z,0.00229289,0.8616795099349444,1302,,138375,30,67
2020-01-09T00:00:00.000Z,0.00236867,1.0638344620370954,1598,,138604,38,229
2020-01-10T00:00:00.000Z,0.00236867,1.0638344620370954,1598,,138604,22,229
2020-01-11T00:00:00.000Z,0.00236867,1.0638344620370954,1598,,138604,14,229
2020-01-12T00:00:00.000Z,0.00236867,1.0638344620370954,1598,,138604,25,229
2020-01-13T00:00:00.000Z,0.00236867,1.0638344620370954,1598,,138604,35,229
2020-01-14T00:00:00.000Z,0.00236867,1.0638344620370954,1598,,138604,43,229
2020-01-15T00:00:00.000Z,0.00236867,1.0638344620370954,1598,,138604,52,229
2020-01-16T00:00:00.000Z,0.00232345,1.120056548298484,1734,,138864,66,260
2020-01-17T00:00:00.000Z,0.00232345,1.120056548298484,1734,,138864,30,260
2020-01-18T00:00:00.000Z,0.00232345,1.120056548298484,1734,,138864,14,260
2020-01-19T00:00:00.000Z,0.00232345,1.120056548298484,1734,,138864,12,260
2020-01-20T00:00:00.000Z,0.00232345,1.120056548298484,1734,,138864,15,260
2020-01-21T00:00:00.000Z,0.00232345,1.120056548298484,1734,,138864,20,260
2020-01-22T00:00:00.000Z,0.00232345,1.120056548298484,1734,,138864,103,260
2020-01-23T00:00:00.000Z,0.00239121670529,1.120909017737386,1705,,139045,40,181
2020-01-24T00:00:00.000Z,0.00239121670529,1.120909017737386,1705,,139045,25,181
2020-01-25T00:00:00.000Z,0.00239121670529,1.120909017737386,1705,,139045,32,181
2020-01-26T00:00:00.000Z,0.00239121670529,1.120909017737386,1705,,139045,-15,181
2020-01-27T00:00:00.000Z,0.00239121670529,1.120909017737386,1705,,139045,30,181
2020-01-28T00:00:00.000Z,0.00239121670529,1.120909017737386,1705,,139045,45,181
2020-01-29T00:00:00.000Z,0.00239121670529,1.120909017737386,1705,,139045,24,181
2020-01-30T00:00:00.000Z,0.0025829508207,0.6944717316778994,919,,139270,54,225
2020-01-31T00:00:00.000Z,0.0025829508207,0.6944717316778994,919,,139270,2,225
2020-02-01T00:00:00.000Z,0.0025829508207,0.6944717316778994,919,,139270,18,225
2020-02-02T00:00:00.000Z,0.0025829508207,0.6944717316778994,919,,139270,19,225
2020-02-03T00:00:00.000Z,0.0025829508207,0.6944717316778994,919,,139270,28,225
2020-02-04T00:00:00.000Z,0.0025829508207,0.6944717316778994,919,,139270,55,225
2020-02-05T00:00:00.000Z,0.0025829508207,0.6944717316778994,919,,139270,49,225
2020-02-06T00:00:00.000Z,0.00306355192466,0.8882625047047424,1483,,139626,14,356
2020-02-07T00:00:00.000Z,0.00306355192466,0.8882625047047424,1483,,139626,51,356
2020-02-08T00:00:00.000Z,0.00306355192466,0.8882625047047424,1483,,139626,63,356
2020-02-09T00:00:00.000Z,0.00306355192466,0.8882625047047424,1483,,139626,114,356
2020-02-10T00:00:00.000Z,0.00306355192466,0.8882625047047424,1483,,139626,50,356
2020-02-11T00:00:00.000Z,0.00306355192466,0.8882625047047424,1483,,139626,-4,356
2020-02-12T00:00:00.000Z,0.00306355192466,0.8882625047047424,1483,,139626,68,356
2020-02-13T00:00:00.000Z,0.00262408,0.5757886735485068,1037,,139099,60,-527
2020-02-14T00:00:00.000Z,0.00262408,0.5757886735485068,1037,,139099,-16,-527
2020-02-15T00:00:00.000Z,0.00262408,0.5757886735485068,1037,,139099,8,-527
2020-02-16T00:00:00.000Z,0.00262408,0.5757886735485068,1037,,139099,-7,-527
2020-02-17T00:00:00.000Z,0.00262408,0.5757886735485068,1037,,139099,-6,-527
2020-02-18T00:00:00.000Z,0.00262408,0.5757886735485068,1037,,139099,5,-527
2020-02-19T00:00:00.000Z,0.00262408,0.5757886735485068,1037,,139099,-571,-527
2020-02-20T00:00:00.000Z,0.00233921,0.6210810375510395,899,,139176,45,77
2020-02-21T00:00:00.000Z,0.00233921,0.6210810375510395,899,,139176,15,77
2020-02-22T00:00:00.000Z,0.00233921,0.6210810375510395,899,,139176,12,77
2020-02-23T00:00:00.000Z,0.00233921,0.6210810375510395,899,,139176,37,77
2020-02-24T00:00:00.000Z,0.00233921,0.6210810375510395,899,,139176,12,77
2020-02-25T00:00:00.000Z,0.00233921,0.6210810375510395,899,,139176,-5,77
2020-02-26T00:00:00.000Z,0.00233921,0.6210810375510395,899,,139176,-39,77
2020-02-27T00:00:00.000Z,0.00239802,0.7001087498810135,907,,138884,4,-292
2020-02-28T00:00:00.000Z,0.00239802,0.7001087498810135,907,,138884,15,-292
2020-02-29T00:00:00.000Z,0.00239802,0.7001087498810135,907,,138884,0,-292
2020-03-01T00:00:00.000Z,0.00239802,0.7001087498810135,907,,138884,-4,-292
2020-03-02T00:00:00.000Z,0.00239802,0.7001087498810135,907,,138884,9,-292
2020-03-03T00:00:00.000Z,0.00239802,0.7001087498810135,907,,138884,-472,-292
2020-03-04T00:00:00.000Z,0.00239802,0.7001087498810135,907,,138884,156,-292
2020-03-05T00:00:00.000Z,0.00218362,0.5447240351626533,955,,138909,36,25
2020-03-06T00:00:00.000Z,0.00218362,0.5447240351626533,955,,138909,30,25
2020-03-07T00:00:00.000Z,0.00218362,0.5447240351626533,955,,138909,-1,25
2020-03-08T00:00:00.000Z,0.00218362,0.5447240351626533,955,,138909,-65,25
2020-03-09T00:00:00.000Z,0.00218362,0.5447240351626533,955,,138909,-13,25
2020-03-10T00:00:00.000Z,0.00218362,0.5447240351626533,955,,138909,-4,25
2020-03-11T00:00:00.000Z,0.00218362,0.5447240351626533,955,,138909,42,25
2020-03-12T00:00:00.000Z,0.00156558,0.4405199325043796,942,,138981,-4,72
2020-03-13T00:00:00.000Z,0.00156558,0.4405199325043796,942,,138981,39,72
2020-03-14T00:00:00.000Z,0.00156558,0.4405199325043796,942,,138981,44,72
2020-03-15T00:00:00.000Z,0.00156558,0.4405199325043796,942,,138981,13,72
2020-03-16T00:00:00.000Z,0.00156558,0.4405199325043796,942,,138981,-2,72
2020-03-17T00:00:00.000Z,0.00156558,0.4405199325043796,942,,138981,-12,72
2020-03-18T00:00:00.000Z,0.00156558,0.4405199325043796,942,,138981,-6,72
2020-03-19T00:00:00.000Z,0.00183394,0.6266677913431626,1085,,138945,-52,-36
2020-03-20T00:00:00.000Z,0.00183394,0.6266677913431626,1085,,138945,18,-36
2020-03-21T00:00:00.000Z,0.00183394,0.6266677913431626,1085,,138945,8,-36
2020-03-22T00:00:00.000Z,0.00183394,0.6266677913431626,1085,,138945,13,-36
2020-03-23T00:00:00.000Z,0.00183394,0.6266677913431626,1085,,138945,3,-36
2020-03-24T00:00:00.000Z,0.00183394,0.6266677913431626,1085,,138945,-38,-36
2020-03-25T00:00:00.000Z,0.00183394,0.6266677913431626,1085,,138945,12,-36
2020-03-26T00:00:00.000Z,0.00186666,0.47727506754104676,691,,138910,12,-35
2020-03-27T00:00:00.000Z,0.00186666,0.47727506754104676,691,,138910,-14,-35
2020-03-28T00:00:00.000Z,0.00186666,0.47727506754104676,691,,138910,-15,-35
2020-03-29T00:00:00.000Z,0.00186666,0.47727506754104676,691,,138910,5,-35
2020-03-30T00:00:00.000Z,0.00186666,0.47727506754104676,691,,138910,24,-35
2020-03-31T00:00:00.000Z,0.00186666,0.47727506754104676,691,,138910,-52,-35
2020-04-01T00:00:00.000Z,0.00186666,0.47727506754104676,691,,138910,5,-35
2020-04-02T00:00:00.000Z,0.0020118,0.40656826131031215,623,,139165,-3,255
2020-04-03T00:00:00.000Z,0.0020118,0.40656826131031215,623,,139165,-10,255
2020-04-04T00:00:00.000Z,0.0020118,0.40656826131031215,623,,139165,93,255
2020-04-05T00:00:00.000Z,0.0020118,0.40656826131031215,623,,139165,44,255
2020-04-06T00:00:00.000Z,0.0020118,0.40656826131031215,623,,139165,42,255
2020-04-07T00:00:00.000Z,0.0020118,0.40656826131031215,623,,139165,12,255
2020-04-08T00:00:00.000Z,0.0020118,0.40656826131031215,623,,139165,77,255
2020-04-09T00:00:00.000Z,0.00194049,0.4260429605992549,736,,139369,3,204
2020-04-10T00:00:00.000Z,0.00194049,0.4260429605992549,736,,139369,10,204
2020-04-11T00:00:00.000Z,0.00194049,0.4260429605992549,736,,139369,22,204
2020-04-12T00:00:00.000Z,0.00194049,0.4260429605992549,736,,139369,44,204
2020-04-13T00:00:00.000Z,0.00194049,0.4260429605992549,736,,139369,55,204
2020-04-14T00:00:00.000Z,0.00194049,0.4260429605992549,736,,139369,33,204
2020-04-15T00:00:00.000Z,0.00194049,0.4260429605992549,736,,139369,37,204
2020-04-16T00:00:00.000Z,0.00201076,0.4253474408492195,741,,139554,53,185
2020-04-17T00:00:00.000Z,0.00201076,0.4253474408492195,741,,139554,60,185
2020-04-18T00:00:00.000Z,0.00201076,0.4253474408492195,741,,139554,71,185
2020-04-19T00:00:00.000Z,0.00201076,0.4253474408492195,741,,139554,11,185
2020-04-20T00:00:00.000Z,0.00201076,0.4253474408492195,741,,139554,34,185
2020-04-21T00:00:00.000Z,0.00201076,0.4253474408492195,741,,139554,-42,185
2020-04-22T00:00:00.000Z,0.00201076,0.4253474408492195,741,,139554,-2,185
2020-04-23T00:00:00.000Z,0.00251711,0.4732936469784918,931,,140154,48,600
2020-04-24T00:00:00.000Z,0.00251711,0.4732936469784918,931,,140154,62,600
2020-04-25T00:00:00.000Z,0.00251711,0.4732936469784918,931,,140154,106,600
2020-04-26T00:00:00.000Z,0.00251711,0.4732936469784918,931,,140154,121,600
2020-04-27T00:00:00.000Z,0.00251711,0.4732936469784918,931,,140154,192,600
2020-04-28T00:00:00.000Z,0.00251711,0.4732936469784918,931,,140154,19,600
2020-04-29T00:00:00.000Z,0.00251711,0.4732936469784918,931,,140154,52,600
2020-04-30T00:00:00.000Z,0.00252921,0.34726283709637085,713,,140653,87,499
2020-05-01T00:00:00.000Z,0.00252921,0.34726283709637085,713,,140653,103,499
2020-05-02T00:00:00.000Z,0.00252921,0.34726283709637085,713,,140653,71,499
2020-05-03T00:00:00.000Z,0.00252921,0.34726283709637085,713,,140653,62,499
2020-05-04T00:00:00.000Z,0.00252921,0.34726283709637085,713,,140653,124,499
2020-05-05T00:00:00.000Z,0.00252921,0.34726283709637085,713,,140653,24,499
2020-05-06T00:00:00.000Z,0.00252921,0.34726283709637085,713,,140653,28,499
2020-05-07T00:00:00.000Z,0.00252101,0.3945527383366621,909,,140907,50,254
2020-05-08T00:00:00.000Z,0.00252101,0.3945527383366621,909,,140907,55,254
2020-05-09T00:00:00.000Z,0.00252101,0.3945527383366621,909,,140907,51,254
2020-05-10T00:00:00.000Z,0.00252101,0.3945527383366621,909,,140907,35,254
2020-05-11T00:00:00.000Z,0.00252101,0.3945527383366621,909,,140907,30,254
2020-05-12T00:00:00.000Z,0.00252101,0.3945527383366621,909,,140907,40,254
2020-05-13T00:00:00.000Z,0.00252101,0.3945527383366621,909,,140907,-7,254
2020-05-14T00:00:00.000Z,0.00250789,0.4395697143093528,889,,140964,29,57
2020-05-15T00:00:00.000Z,0.00250789,0.4395697143093528,889,,140964,-3,57
2020-05-16T00:00:00.000Z,0.00250789,0.4395697143093528,889,,140964,6,57
2020-05-17T00:00:00.000Z,0.00250789,0.4395697143093528,889,,140964,5,57
2020-05-18T00:00:00.000Z,0.00250789,0.4395697143093528,889,,140964,1,57
2020-05-19T00:00:00.000Z,0.00250789,0.4395697143093528,889,,140964,16,57
2020-05-20T00:00:00.000Z,0.00250789,0.4395697143093528,889,,140964,3,57
2020-05-21T00:00:00.000Z,0.00251013,0.5202915971312853,827,,140913,-34,-51
2020-05-22T00:00:00.000Z,0.00251013,0.5202915971312853,827,,140913,-78,-51
2020-05-23T00:00:00.000Z,0.00251013,0.5202915971312853,827,,140913,11,-51
2020-05-24T00:00:00.000Z,0.00251013,0.5202915971312853,827,,140913,1,-51
2020-05-25T00:00:00.000Z,0.00251013,0.5202915971312853,827,,140913,6,-51
2020-05-26T00:00:00.000Z,0.00251013,0.5202915971312853,827,,140913,20,-51
2020-05-27T00:00:00.000Z,0.00251013,0.5202915971312853,827,,140913,23,-51
2020-05-28T00:00:00.000Z,0.00258259,0.6163561486950438,874,,140651,-249,-262
2020-05-29T00:00:00.000Z,0.00258259,0.6163561486950438,874,,140651,29,-262
2020-05-30T00:00:00.000Z,0.00258259,0.6163561486950438,874,,140651,28,-262
2020-05-31T00:00:00.000Z,0.00258259,0.6163561486950438,874,,140651,46,-262
2020-06-01T00:00:00.000Z,0.00258259,0.6163561486950438,874,,140651,-21,-262
2020-06-02T00:00:00.000Z,0.00258259,0.6163561486950438,874,,140651,-99,-262
2020-06-03T00:00:00.000Z,0.00258259,0.6163561486950438,874,,140651,4,-262
2020-06-04T00:00:00.000Z,0.00258419,0.7293400151627325,918,,140550,-26,-101
2020-06-05T00:00:00.000Z,0.00258419,0.7293400151627325,918,,140550,-15,-101
2020-06-06T00:00:00.000Z,0.00258419,0.7293400151627325,918,,140550,6,-101
2020-06-07T00:00:00.000Z,0.00258419,0.7293400151627325,918,,140550,-11,-101
2020-06-08T00:00:00.000Z,0.00258419,0.7293400151627325,918,,140550,3,-101
2020-06-09T00:00:00.000Z,0.00258419,0.7293400151627325,918,,140550,-37,-101
2020-06-10T00:00:00.000Z,0.00258419,0.7293400151627325,918,,140550,-21,-101
2020-06-11T00:00:00.000Z,0.00248493,0.56565293913438,758,,140667,25,117
2020-06-12T00:00:00.000Z,0.00248493,0.56565293913438,758,,140667,51,117
2020-06-13T00:00:00.000Z,0.00248493,0.56565293913438,758,,140667,29,117
2020-06-14T00:00:00.000Z,0.00248493,0.56565293913438,758,,140667,1,117
2020-06-15T00:00:00.000Z,0.00248493,0.56565293913438,758,,140667,-6,117
2020-06-16T00:00:00.000Z,0.00248493,0.56565293913438,758,,140667,15,117
2020-06-17T00:00:00.000Z,0.00248493,0.56565293913438,758,,140667,2,117
2020-06-18T00:00:00.000Z,0.00242968,0.6498453467388898,857,,140584,-9,-83
2020-06-19T00:00:00.000Z,0.00242968,0.6498453467388898,857,,140584,1,-83
2020-06-20T00:00:00.000Z,0.00242968,0.6498453467388898,857,,140584,4,-83
2020-06-21T00:00:00.000Z,0.00242968,0.6498453467388898,857,,140584,-9,-83
2020-06-22T00:00:00.000Z,0.00242968,0.6498453467388898,857,,140584,-7,-83
2020-06-23T00:00:00.000Z,0.00242968,0.6498453467388898,857,,140584,-23,-83
2020-06-24T00:00:00.000Z,0.00242968,0.6498453467388898,857,,140584,-40,-83
2020-06-25T00:00:00.000Z,0.00232982490926,0.8056671311200603,1024,,140558,-12,-26
2020-06-26T00:00:00.000Z,0.00232982490926,0.8056671311200603,1024,,140558,-14,-26
2020-06-27T00:00:00.000Z,0.00232982490926,0.8056671311200603,1024,,140558,-19,-26
2020-06-28T00:00:00.000Z,0.00232982490926,0.8056671311200603,1024,,140558,1,-26
2020-06-29T00:00:00.000Z,0.00232982490926,0.8056671311200603,1024,,140558,26,-26
2020-06-30T00:00:00.000Z,0.00232982490926,0.8056671311200603,1024,,140558,-20,-26
2020-07-01T00:00:00.000Z,0.00232982490926,0.8056671311200603,1024,,140558,12,-26
2020-07-02T00:00:00.000Z,0.00474983,2.309339016621233,4774,,144640,16,4082
2020-07-03T00:00:00.000Z,0.00474983,2.309339016621233,4774,,144640,1,4082
2020-07-04T00:00:00.000Z,0.00474983,2.309339016621233,4774,,144640,19,4082
2020-07-05T00:00:00.000Z,0.00474983,2.309339016621233,4774,,144640,-1,4082
2020-07-06T00:00:00.000Z,0.00474983,2.309339016621233,4774,,144640,34,4082
2020-07-07T00:00:00.000Z,0.00474983,2.309339016621233,4774,,144640,325,4082
2020-07-08T00:00:00.000Z,0.00474983,2.309339016621233,4774,,144640,3688,4082
2020-07-09T00:00:00.000Z,0.00308518,4.1952696425183,5935,,148526,2428,3886
2020-07-10T00:00:00.000Z,0.00308518,4.1952696425183,5935,,148526,688,3886
2020-07-11T00:00:00.000Z,0.00308518,4.1952696425183,5935,,148526,376,3886
2020-07-12T00:00:00.000Z,0.00308518,4.1952696425183,5935,,148526,170,3886
2020-07-13T00:00:00.000Z,0.00308518,4.1952696425183,5935,,148526,133,3886
2020-07-14T00:00:00.000Z,0.00308518,4.1952696425183,5935,,148526,1,3886
2020-07-15T00:00:00.000Z,0.00308518,4.1952696425183,5935,,148526,90,3886
2020-07-16T00:00:00.000Z,0.00328522,2.397028555359132,3083,,150031,60,1505
2020-07-17T00:00:00.000Z,0.00328522,2.397028555359132,3083,,150031,25,1505
2020-07-18T00:00:00.000Z,0.00328522,2.397028555359132,3083,,150031,330,1505
2020-07-19T00:00:00.000Z,0.00328522,2.397028555359132,3083,,150031,636,1505
2020-07-20T00:00:00.000Z,0.00328522,2.397028555359132,3083,,150031,231,1505
2020-07-21T00:00:00.000Z,0.00328522,2.397028555359132,3083,,150031,83,1505
2020-07-22T00:00:00.000Z,0.00328522,2.397028555359132,3083,,150031,140,1505
2020-07-23T00:00:00.000Z,0.0031924,0.7617998506432946,1618,,150367,-6,336
2020-07-24T00:00:00.000Z,0.0031924,0.7617998506432946,1618,,150367,42,336
2020-07-25T00:00:00.000Z,0.0031924,0.7617998506432946,1618,,150367,63,336
2020-07-26T00:00:00.000Z,0.0031924,0.7617998506432946,1618,,150367,43,336
2020-07-27T00:00:00.000Z,0.0031924,0.7617998506432946,1618,,150367,85,336
2020-07-28T00:00:00.000Z,0.0031924,0.7617998506432946,1618,,150367,51,336
2020-07-29T00:00:00.000Z,0.0031924,0.7617998506432946,1618,,150367,58,336
2020-07-30T00:00:00.000Z,0.00351274,0.7956924307878515,1508,,150856,62,489
2020-07-31T00:00:00.000Z,0.00351274,0.7956924307878515,1508,,150856,52,489
2020-08-01T00:00:00.000Z,0.00351274,0.7956924307878515,1508,,150856,156,489
2020-08-02T00:00:00.000Z,0.00351274,0.7956924307878515,1508,,150856,68,489
2020-08-03T00:00:00.000Z,0.00351274,0.7956924307878515,1508,,150856,45,489
2020-08-04T00:00:00.000Z,0.00351274,0.7956924307878515,1508,,150856,36,489
2020-08-05T00:00:00.000Z,0.00351274,0.7956924307878515,1508,,150856,70,489
2020-08-06T00:00:00.000Z,0.00348444,0.5562137574430428,1144,,151022,28,166
2020-08-07T00:00:00.000Z,0.00348444,0.5562137574430428,1144,,151022,-8,166
2020-08-08T00:00:00.000Z,0.00348444,0.5562137574430428,1144,,151022,34,166
2020-08-09T00:00:00.000Z,0.00348444,0.5562137574430428,1144,,151022,19,166
2020-08-10T00:00:00.000Z,0.00348444,0.5562137574430428,1144,,151022,3,166
2020-08-11T00:00:00.000Z,0.00348444,0.5562137574430428,1144,,151022,38,166
2020-08-12T00:00:00.000Z,0.00348444,0.5562137574430428,1144,,151022,52,166
2020-08-13T00:00:00.000Z,0.00342392,0.40762874383522624,1018,,151256,32,234
2020-08-14T00:00:00.000Z,0.00342392,0.40762874383522624,1018,,151256,28,234
2020-08-15T00:00:00.000Z,0.00342392,0.40762874383522624,1018,,151256,52,234
2020-08-16T00:00:00.000Z,0.00342392,0.40762874383522624,1018,,151256,46,234
2020-08-17T00:00:00.000Z,0.00342392,0.40762874383522624,1018,,151256,20,234
2020-08-18T00:00:00.000Z,0.00342392,0.40762874383522624,1018,,151256,33,234
2020-08-19T00:00:00.000Z,0.00342392,0.40762874383522624,1018,,151256,23,234
2020-08-20T00:00:00.000Z,0.00330335,0.45103798118318233,895,,151554,27,298
2020-08-21T00:00:00.000Z,0.00330335,0.45103798118318233,895,,151554,34,298
2020-08-22T00:00:00.000Z,0.00330335,0.45103798118318233,895,,151554,34,298
2020-08-23T00:00:00.000Z,0.00330335,0.45103798118318233,895,,151554,9,298
2020-08-24T00:00:00.000Z,0.00330335,0.45103798118318233,895,,151554,60,298
2020-08-25T00:00:00.000Z,0.00330335,0.45103798118318233,895,,151554,83,298
2020-08-26T00:00:00.000Z,0.00330335,0.45103798118318233,895,,151554,51,298
2020-08-27T00:00:00.000Z,0.00312246,0.511620160142268,873,,151988,287,434
2020-08-28T00:00:00.000Z,0.00312246,0.511620160142268,873,,151988,-1,434
2020-08-29T00:00:00.000Z,0.00312246,0.511620160142268,873,,151988,72,434
2020-08-30T00:00:00.000Z,0.00312246,0.511620160142268,873,,151988,-3,434
2020-08-31T00:00:00.000Z,0.00312246,0.511620160142268,873,,151988,33,434
2020-09-01T00:00:00.000Z,0.00312246,0.511620160142268,873,,151988,3,434
2020-09-02T00:00:00.000Z,0.00312246,0.511620160142268,873,,151988,43,434
2020-09-03T00:00:00.000Z,0.00277906,0.6985584845648962,900,,151900,30,-88
2020-09-04T00:00:00.000Z,0.00277906,0.6985584845648962,900,,151900,6,-88
2020-09-05T00:00:00.000Z,0.00277906,0.6985584845648962,900,,151900,-15,-88
2020-09-06T00:00:00.000Z,0.00277906,0.6985584845648962,900,,151900,29,-88
2020-09-07T00:00:00.000Z,0.00277906,0.6985584845648962,900,,151900,18,-88
2020-09-08T00:00:00.000Z,0.00277906,0.6985584845648962,900,,151900,-45,-88
2020-09-09T00:00:00.000Z,0.00277906,0.6985584845648962,900,,151900,-111,-88
2020-09-10T00:00:00.000Z,0.00282429295246,0.5034950107396571,591,,151929,11,29
2020-09-11T00:00:00.000Z,0.00282429295246,0.5034950107396571,591,,151929,83,29
2020-09-12T00:00:00.000Z,0.00282429295246,0.5034950107396571,591,,151929,15,29
2020-09-13T00:00:00.000Z,0.00282429295246,0.5034950107396571,591,,151929,0,29
2020-09-14T00:00:00.000Z,0.00282429295246,0.5034950107396571,591,,151929,-70,29
2020-09-15T00:00:00.000Z,0.00282429295246,0.5034950107396571,591,,151929,0,29
2020-09-16T00:00:00.000Z,0.00282429295246,0.5034950107396571,591,,151929,-10,29
2020-09-17T00:00:00.000Z,0.00256045,0.39407493132959065,557,,151953,26,24
2020-09-18T00:00:00.000Z,0.00256045,0.39407493132959065,557,,151953,-21,24
2020-09-19T00:00:00.000Z,0.00256045,0.39407493132959065,557,,151953,9,24
2020-09-20T00:00:00.000Z,0.00256045,0.39407493132959065,557,,151953,14,24
2020-09-21T00:00:00.000Z,0.00256045,0.39407493132959065,557,,151953,26,24
2020-09-22T00:00:00.000Z,0.00256045,0.39407493132959065,557,,151953,-35,24
2020-09-23T00:00:00.000Z,0.00256045,0.39407493132959065,557,,151953,5,24
2020-09-24T00:00:00.000Z,0.00263015,0.5505913084237155,671,,151959,3,6
2020-09-25T00:00:00.000Z,0.00263015,0.5505913084237155,671,,151959,5,6
2020-09-26T00:00:00.000Z,0.00263015,0.5505913084237155,671,,151959,13,6
2020-09-27T00:00:00.000Z,0.00263015,0.5505913084237155,671,,151959,11,6
2020-09-28T00:00:00.000Z,0.00263015,0.5505913084237155,671,,151959,-23,6
2020-09-29T00:00:00.000Z,0.00263015,0.5505913084237155,671,,151959,-9,6
2020-09-30T00:00:00.000Z,0.00263015,0.5505913084237155,671,,151959,6,6
2020-10-01T00:00:00.000Z,0.00259518,0.5553716311125232,653,,151915,26,-44
2020-10-02T00:00:00.000Z,0.00259518,0.5553716311125232,653,,151915,-28,-44
2020-10-03T00:00:00.000Z,0.00259518,0.5553716311125232,653,,151915,8,-44
2020-10-04T00:00:00.000Z,0.00259518,0.5553716311125232,653,,151915,-19,-44
2020-10-05T00:00:00.000Z,0.00259518,0.5553716311125232,653,,151915,-14,-44
2020-10-06T00:00:00.000Z,0.00259518,0.5553716311125232,653,,151915,-19,-44
2020-10-07T00:00:00.000Z,0.00259518,0.5553716311125232,653,,151915,2,-44
2020-10-08T00:00:00.000Z,0.00263711,0.6214303003472891,729,,151889,-6,-26
2020-10-09T00:00:00.000Z,0.00263711,0.6214303003472891,729,,151889,-4,-26
2020-10-10T00:00:00.000Z,0.00263711,0.6214303003472891,729,,151889,-2,-26
2020-10-11T00:00:00.000Z,0.00263711,0.6214303003472891,729,,151889,-6,-26
2020-10-12T00:00:00.000Z,0.00263711,0.6214303003472891,729,,151889,-9,-26
2020-10-13T00:00:00.000Z,0.00263711,0.6214303003472891,729,,151889,-28,-26
2020-10-14T00:00:00.000Z,0.00263711,0.6214303003472891,729,,151889,29,-26
2020-10-15T00:00:00.000Z,0.00263032,0.7376787266395732,947,,151951,-46,62
2020-10-16T00:00:00.000Z,0.00263032,0.7376787266395732,947,,151951,-22,62
2020-10-17T00:00:00.000Z,0.00263032,0.7376787266395732,947,,151951,-6,62
2020-10-18T00:00:00.000Z,0.00263032,0.7376787266395732,947,,151951,-31,62
2020-10-19T00:00:00.000Z,0.00263032,0.7376787266395732,947,,151951,25,62
2020-10-20T00:00:00.000Z,0.00263032,0.7376787266395732,947,,151951,85,62
2020-10-21T00:00:00.000Z,0.00263032,0.7376787266395732,947,,151951,57,62
2020-10-22T00:00:00.000Z,0.00259499,0.7357626652599992,966,,152035,25,84
2020-10-23T00:00:00.000Z,0.00259499,0.7357626652599992,966,,152035,-21,84
2020-10-24T00:00:00.000Z,0.00259499,0.7357626652599992,966,,152035,-2,84
2020-10-25T00:00:00.000Z,0.00259499,0.7357626652599992,966,,152035,39,84
2020-10-26T00:00:00.000Z,0.00259499,0.7357626652599992,966,,152035,40,84
2020-10-27T00:00:00.000Z,0.00259499,0.7357626652599992,966,,152035,8,84
2020-10-28T00:00:00.000Z,0.00259499,0.7357626652599992,966,,152035,-5,84
2020-10-29T00:00:00.000Z,0.00253328,0.6759794413025855,811,,152133,18,98
2020-10-30T00:00:00.000Z,0.00253328,0.6759794413025855,811,,152133,6,98
2020-10-31T00:00:00.000Z,0.00253328,0.6759794413025855,811,,152133,-11,98
2020-11-01T00:00:00.000Z,0.00253328,0.6759794413025855,811,,152133,4,98
2020-11-02T00:00:00.000Z,0.00253328,0.6759794413025855,811,,152133,1,98
2020-11-03T00:00:00.000Z,0.00253328,0.6759794413025855,811,,152133,62,98
2020-11-04T00:00:00.000Z,0.00253328,0.6759794413025855,811,,152133,18,98
2020-11-05T00:00:00.000Z,0.00276896,0.5935542702870121,884,,152194,23,61
2020-11-06T00:00:00.000Z,0.00276896,0.5935542702870121,884,,152194,17,61
2020-11-07T00:00:00.000Z,0.00276896,0.5935542702870121,884,,152194,39,61
2020-11-08T00:00:00.000Z,0.00276896,0.5935542702870121,884,,152194,-9,61
2020-11-09T00:00:00.000Z,0.00276896,0.5935542702870121,884,,152194,-2,61
2020-11-10T00:00:00.000Z,0.00276896,0.5935542702870121,884,,152194,-7,61
2020-11-11T00:00:00.000Z,0.00276896,0.5935542702870121,884,,152194,0,61
2020-11-12T00:00:00.000Z,0.00290902,0.7067217314390166,1108,,152200,12,6
2020-11-13T00:00:00.000Z,0.00290902,0.7067217314390166,1108,,152200,7,6
2020-11-14T00:00:00.000Z,0.00290902,0.7067217314390166,1108,,152200,-6,6
2020-11-15T00:00:00.000Z,0.00290902,0.7067217314390166,1108,,152200,-8,6
2020-11-16T00:00:00.000Z,0.00290902,0.7067217314390166,1108,,152200,2,6
2020-11-17T00:00:00.000Z,0.00290902,0.7067217314390166,1108,,152200,11,6
2020-11-18T00:00:00.000Z,0.00290902,0.7067217314390166,1108,,152200,-12,6
2020-11-19T00:00:00.000Z,0.00372672,0.7963605463698532,1645,,152669,14,469
2020-11-20T00:00:00.000Z,0.00372672,0.7963605463698532,1645,,152669,25,469
2020-11-21T00:00:00.000Z,0.00372672,0.7963605463698532,1645,,152669,116,469
2020-11-22T00:00:00.000Z,0.00372672,0.7963605463698532,1645,,152669,66,469
2020-11-23T00:00:00.000Z,0.00372672,0.7963605463698532,1645,,152669,48,469
2020-11-24T00:00:00.000Z,0.00372672,0.7963605463698532,1645,,152669,141,469
2020-11-25T00:00:00.000Z,0.00372672,0.7963605463698532,1645,,152669,59,469
2020-11-26T00:00:00.000Z,0.00337436,0.46709617188368185,961,,152901,46,232
2020-11-27T00:00:00.000Z,0.00337436,0.46709617188368185,961,,152901,1,232
2020-11-28T00:00:00.000Z,0.00337436,0.46709617188368185,961,,152901,22,232
2020-11-29T00:00:00.000Z,0.00337436,0.46709617188368185,961,,152901,18,232
2020-11-30T00:00:00.000Z,0.00337436,0.46709617188368185,961,,152901,18,232
2020-12-01T00:00:00.000Z,0.00337436,0.46709617188368185,961,,152901,84,232
2020-12-02T00:00:00.000Z,0.00337436,0.46709617188368185,961,,152901,43,232
2020-12-03T00:00:00.000Z,0.00315811,0.464082437846353,919,,153271,51,370
2020-12-04T00:00:00.000Z,0.00315811,0.464082437846353,919,,153271,41,370
2020-12-05T00:00:00.000Z,0.00315811,0.464082437846353,919,,153271,76,370
2020-12-06T00:00:00.000Z,0.00315811,0.464082437846353,919,,153271,64,370
2020-12-07T00:00:00.000Z,0.00315811,0.464082437846353,919,,153271,49,370
2020-12-08T00:00:00.000Z,0.00315811,0.464082437846353,919,,153271,30,370
2020-12-09T00:00:00.000Z,0.00315811,0.464082437846353,919,,153271,59,370
2020-12-10T00:00:00.000Z,0.00341629,0.32518863054126523,906,,154015,47,744
2020-12-11T00:00:00.000Z,0.00341629,0.32518863054126523,906,,154015,106,744
2020-12-12T00:00:00.000Z,0.00341629,0.32518863054126523,906,,154015,280,744
2020-12-13T00:00:00.000Z,0.00341629,0.32518863054126523,906,,154015,95,744
2020-12-14T00:00:00.000Z,0.00341629,0.32518863054126523,906,,154015,44,744
2020-12-15T00:00:00.000Z,0.00341629,0.32518863054126523,906,,154015,82,744
2020-12-16T00:00:00.000Z,0.00341629,0.32518863054126523,906,,154015,90,744
2020-12-17T00:00:00.000Z,0.00376766,0.784449287200306,2548,,157364,176,3349
2020-12-18T00:00:00.000Z,0.00376766,0.784449287200306,2548,,157364,133,3349
2020-12-19T00:00:00.000Z,0.00376766,0.784449287200306,2548,,157364,160,3349
2020-12-20T00:00:00.000Z,0.00376766,0.784449287200306,2548,,157364,976,3349
2020-12-21T00:00:00.000Z,0.00376766,0.784449287200306,2548,,157364,933,3349
2020-12-22T00:00:00.000Z,0.00376766,0.784449287200306,2548,,157364,718,3349
2020-12-23T00:00:00.000Z,0.00376766,0.784449287200306,2548,,157364,253,3349
2020-12-24T00:00:00.000Z,0.00463551,0.9865666033515428,2169,,159521,164,2157
2020-12-25T00:00:00.000Z,0.00463551,0.9865666033515428,2169,,159521,391,2157
2020-12-26T00:00:00.000Z,0.00463551,0.9865666033515428,2169,,159521,402,2157
2020-12-27T00:00:00.000Z,0.00463551,0.9865666033515428,2169,,159521,316,2157
2020-12-28T00:00:00.000Z,0.00463551,0.9865666033515428,2169,,159521,352,2157
2020-12-29T00:00:00.000Z,0.00463551,0.9865666033515428,2169,,159521,288,2157
2020-12-30T00:00:00.000Z,0.00463551,0.9865666033515428,2169,,159521,244,2157
2020-12-31T00:00:00.000Z,0.01046514,3.727380300725655,11398,,181255,295,21734
2021-01-01T00:00:00.000Z,0.01046514,3.727380300725655,11398,,181255,594,21734
2021-01-02T00:00:00.000Z,0.01046514,3.727380300725655,11398,,181255,10207,21734
2021-01-03T00:00:00.000Z,0.01046514,3.727380300725655,11398,,181255,6118,21734
2021-01-04T00:00:00.000Z,0.01046514,3.727380300725655,11398,,181255,2074,21734
2021-01-05T00:00:00.000Z,0.01046514,3.727380300725655,11398,,181255,1266,21734
2021-01-06T00:00:00.000Z,0.01046514,3.727380300725655,11398,,181255,1180,21734
2021-01-07T00:00:00.000Z,0.00861635,2.0445388628385164,5627,,187928,1053,6673
2021-01-08T00:00:00.000Z,0.00861635,2.0445388628385164,5627,,187928,1019,6673
2021-01-09T00:00:00.000Z,0.00861635,2.0445388628385164,5627,,187928,1344,6673
2021-01-10T00:00:00.000Z,0.00861635,2.0445388628385164,5627,,187928,1072,6673
2021-01-11T00:00:00.000Z,0.00861635,2.0445388628385164,5627,,187928,880,6673
2021-01-12T00:00:00.000Z,0.00861635,2.0445388628385164,5627,,187928,470,6673
2021-01-13T00:00:00.000Z,0.00861635,2.0445388628385164,5627,,187928,835,6673
2021-01-14T00:00:00.000Z,0.00906009,1.7289908724325849,4033,,191953,639,4025
2021-01-15T00:00:00.000Z,0.00906009,1.7289908724325849,4033,,191953,884,4025
2021-01-16T00:00:00.000Z,0.00906009,1.7289908724325849,4033,,191953,577,4025
2021-01-17T00:00:00.000Z,0.00906009,1.7289908724325849,4033,,191953,552,4025
2021-01-18T00:00:00.000Z,0.00906009,1.7289908724325849,4033,,191953,461,4025
2021-01-19T00:00:00.000Z,0.00906009,1.7289908724325849,4033,,191953,620,4025
2021-01-20T00:00:00.000Z,0.00906009,1.7289908724325849,4033,,191953,292,4025
2021-01-21T00:00:00.000Z,0.0074815,1.5586695287916095,3099,,194985,609,3032
2021-01-22T00:00:00.000Z,0.0074815,1.5586695287916095,3099,,194985,415,3032
2021-01-23T00:00:00.000Z,0.0074815,1.5586695287916095,3099,,194985,394,3032
2021-01-24T00:00:00.000Z,0.0074815,1.5586695287916095,3099,,194985,335,3032
2021-01-25T00:00:00.000Z,0.0074815,1.5586695287916095,3099,,194985,491,3032
2021-01-26T00:00:00.000Z,0.0074815,1.5586695287916095,3099,,194985,250,3032
2021-01-27T00:00:00.000Z,0.0074815,1.5586695287916095,3099,,194985,538,3032
2021-01-28T00:00:00.000Z,0.03712003,34.307933136660836,209198,,367623,17020,172638
2021-01-29T00:00:00.000Z,0.03712003,34.307933136660836,209198,,367623,92415,172638
2021-01-30T00:00:00.000Z,0.03712003,34.307933136660836,209198,,367623,30994,172638
2021-01-31T00:00:00.000Z,0.03712003,34.307933136660836,209198,,367623,15128,172638
2021-02-01T00:00:00.000Z,0.03712003,34.307933136660836,209198,,367623,8616,172638
2021-02-02T00:00:00.000Z,0.03712003,34.307933136660836,209198,,367623,4221,172638
2021-02-03T00:00:00.000Z,0.03712003,34.307933136660836,209198,,367623,4244,172638
2021-02-04T00:00:00.000Z,0.07289631,26.582023767595235,125654,,507931,11089,140308
2021-02-05T00:00:00.000Z,0.07289631,26.582023767595235,125654,,507931,13267,140308
2021-02-06T00:00:00.000Z,0.07289631,26.582023767595235,125654,,507931,20758,140308
2021-02-07T00:00:00.000Z,0.07289631,26.582023767595235,125654,,507931,36843,140308
2021-02-08T00:00:00.000Z,0.07289631,26.582023767595235,125654,,507931,24816,140308
2021-02-09T00:00:00.000Z,0.07289631,26.582023767595235,125654,,507931,18983,140308
2021-02-10T00:00:00.000Z,0.07289631,26.582023767595235,125654,,507931,14552,140308
2021-02-11T00:00:00.000Z,0.04937563,16.74723864464521,61876,,565472,10240,57541
2021-02-12T00:00:00.000Z,0.04937563,16.74723864464521,61876,,565472,5588,57541
2021-02-13T00:00:00.000Z,0.04937563,16.74723864464521,61876,,565472,7422,57541
2021-02-14T00:00:00.000Z,0.04937563,16.74723864464521,61876,,565472,6126,57541
2021-02-15T00:00:00.000Z,0.04937563,16.74723864464521,61876,,565472,14003,57541
2021-02-16T00:00:00.000Z,0.04937563,16.74723864464521,61876,,565472,8036,57541
2021-02-17T00:00:00.000Z,0.04937563,16.74723864464521,61876,,565472,6126,57541
2021-02-18T00:00:00.000Z,0.05655541,9.187350736205115,34939,,612411,3719,46939
2021-02-19T00:00:00.000Z,0.05655541,9.187350736205115,34939,,612411,6946,46939
2021-02-20T00:00:00.000Z,0.05655541,9.187350736205115,34939,,612411,14118,46939
2021-02-21T00:00:00.000Z,0.05655541,9.187350736205115,34939,,612411,4366,46939
2021-02-22T00:00:00.000Z,0.05655541,9.187350736205115,34939,,612411,7687,46939
2021-02-23T00:00:00.000Z,0.05655541,9.187350736205115,34939,,612411,5057,46939
2021-02-24T00:00:00.000Z,0.05655541,9.187350736205115,34939,,612411,5046,46939
2021-02-25T00:00:00.000Z,0.05059207,7.459670672253339,25519,,628822,5500,16411
2021-02-26T00:00:00.000Z,0.05059207,7.459670672253339,25519,,628822,3585,16411
2021-02-27T00:00:00.000Z,0.05059207,7.459670672253339,25519,,628822,2719,16411
2021-02-28T00:00:00.000Z,0.05059207,7.459670672253339,25519,,628822,1385,16411
2021-03-01T00:00:00.000Z,0.05059207,7.459670672253339,25519,,628822,2292,16411
2021-03-02T00:00:00.000Z,0.05059207,7.459670672253339,25519,,628822,930,16411
2021-03-04T00:00:00.000Z,0.05600395,7.824198766626723,22780,,628822,930,16411
2021-03-11T00:00:00.000Z,0.05765313,6.5053066779491235,22233,,663643,930,34821
2021-03-12T00:00:00.000Z,0.05765313,6.5053066779491235,22233,,663643,22737,34821
2021-03-13T00:00:00.000Z,0.05765313,6.5053066779491235,22233,,663643,1416,34821
2021-03-14T00:00:00.000Z,0.05765313,6.5053066779491235,22233,,663643,4263,34821
2021-03-15T00:00:00.000Z,0.05765313,6.5053066779491235,22233,,663643,2135,34821
2021-03-16T00:00:00.000Z,0.05765313,6.5053066779491235,22233,,663643,1759,34821
2021-03-17T00:00:00.000Z,0.05765313,6.5053066779491235,22233,,663643,2511,34821
2021-03-18T00:00:00.000Z,0.05170175,6.5053066779491235,22233,,663643,2062,13111
2021-03-19T00:00:00.000Z,0.05170175,6.5053066779491235,22233,,663643,2116,13111
2021-03-20T00:00:00.000Z,0.05170175,6.5053066779491235,22233,,663643,2066,13111
2021-03-21T00:00:00.000Z,0.05170175,6.5053066779491235,22233,,663643,1987,13111
2021-03-22T00:00:00.000Z,0.05170175,6.5053066779491235,22233,,663643,1006,13111
2021-03-23T00:00:00.000Z,0.05170175,6.5053066779491235,22233,,663643,1764,13111
2021-03-24T00:00:00.000Z,0.05170175,6.5053066779491235,22233,,663643,2110,13111
2021-03-25T00:00:00.000Z,0.05365728,3.5872899951148036,11920,,684592,1278,7838
2021-03-26T00:00:00.000Z,0.05365728,3.5872899951148036,11920,,684592,1682,7838
2021-03-27T00:00:00.000Z,0.05365728,3.5872899951148036,11920,,684592,1600,7838
2021-03-28T00:00:00.000Z,0.05365728,3.5872899951148036,11920,,684592,956,7838
2021-03-29T00:00:00.000Z,0.05365728,3.5872899951148036,11920,,684592,384,7838
2021-03-30T00:00:00.000Z,0.05365728,3.5872899951148036,11920,,684592,545,7838
2021-03-31T00:00:00.000Z,0.05365728,3.5872899951148036,11920,,684592,1393,7838
2021-04-01T00:00:00.000Z,0.05902847,3.9427991150978547,14973,,701324,2469,16732
2021-04-02T00:00:00.000Z,0.05902847,3.9427991150978547,14973,,701324,3306,16732
2021-04-03T00:00:00.000Z,0.05902847,3.9427991150978547,14973,,701324,2278,16732
2021-04-04T00:00:00.000Z,0.05902847,3.9427991150978547,14973,,701324,2074,16732
2021-04-05T00:00:00.000Z,0.05902847,3.9427991150978547,14973,,701324,1616,16732
2021-04-06T00:00:00.000Z,0.05902847,3.9427991150978547,14973,,701324,2522,16732
2021-04-07T00:00:00.000Z,0.05902847,3.9427991150978547,14973,,701324,2467,16732
2021-04-08T00:00:00.000Z,0.12151736,6.233976503367731,32910,,733979,1241,32655
2021-04-09T00:00:00.000Z,0.12151736,6.233976503367731,32910,,733979,1698,32655
2021-04-10T00:00:00.000Z,0.12151736,6.233976503367731,32910,,733979,2263,32655
2021-04-11T00:00:00.000Z,0.12151736,6.233976503367731,32910,,733979,4682,32655
2021-04-12T00:00:00.000Z,0.12151736,6.233976503367731,32910,,733979,2390,32655
2021-04-13T00:00:00.000Z,0.12151736,6.233976503367731,32910,,733979,4132,32655
2021-04-14T00:00:00.000Z,0.12151736,6.233976503367731,32910,,733979,16249,32655
2021-04-15T00:00:00.000Z,0.30692451,27.38261483378934,224952,,919756,8047,185777
2021-04-16T00:00:00.000Z,0.30692451,27.38261483378934,224952,,919756,42277,185777
2021-04-17T00:00:00.000Z,0.30692451,27.38261483378934,224952,,919756,33282,185777
2021-04-18T00:00:00.000Z,0.30692451,27.38261483378934,224952,,919756,19391,185777
2021-04-19T00:00:00.000Z,0.30692451,27.38261483378934,224952,,919756,28011,185777
2021-04-20T00:00:00.000Z,0.30692451,27.38261483378934,224952,,919756,31120,185777
2021-04-21T00:00:00.000Z,0.30692451,27.38261483378934,224952,,919756,23649,185777
2021-04-22T00:00:00.000Z,0.32368163,15.506329275847243,94134,,991626,11766,71870
2021-04-23T00:00:00.000Z,0.32368163,15.506329275847243,94134,,991626,12583,71870
2021-04-24T00:00:00.000Z,0.32368163,15.506329275847243,94134,,991626,10076,71870
2021-04-25T00:00:00.000Z,0.32368163,15.506329275847243,94134,,991626,8894,71870
2021-04-26T00:00:00.000Z,0.32368163,15.506329275847243,94134,,991626,5946,71870
2021-04-27T00:00:00.000Z,0.32368163,15.506329275847243,94134,,991626,7903,71870
2021-04-28T00:00:00.000Z,0.32368163,15.506329275847243,94134,,991626,14702,71870
2021-04-29T00:00:00.000Z,0.65763288,19.158077698935532,145683,,1139010,9850,147384
2021-04-30T00:00:00.000Z,0.65763288,19.158077698935532,145683,,1139010,10032,147384
2021-05-01T00:00:00.000Z,0.65763288,19.158077698935532,145683,,1139010,15590,147384
2021-05-02T00:00:00.000Z,0.65763288,19.158077698935532,145683,,1139010,16807,147384
2021-05-03T00:00:00.000Z,0.65763288,19.158077698935532,145683,,1139010,16883,147384
2021-05-04T00:00:00.000Z,0.65763288,19.158077698935532,145683,,1139010,37248,147384
2021-05-05T00:00:00.000Z,0.65763288,19.158077698935532,145683,,1139010,40974,147384
2021-05-06T00:00:00.000Z,0.38537602,25.73938475824228,219993,,1348454,17627,209444
2021-05-07T00:00:00.000Z,0.38537602,25.73938475824228,219993,,1348454,30416,209444
2021-05-08T00:00:00.000Z,0.38537602,25.73938475824228,219993,,1348454,42274,209444
2021-05-09T00:00:00.000Z,0.38537602,25.73938475824228,219993,,1348454,32615,209444
2021-05-10T00:00:00.000Z,0.38537602,25.73938475824228,219993,,1348454,33515,209444
2021-05-11T00:00:00.000Z,0.38537602,25.73938475824228,219993,,1348454,29022,209444
2021-05-12T00:00:00.000Z,0.38537602,25.73938475824228,219993,,1348454,23975,209444
2021-05-13T00:00:00.000Z,0.33312345,15.765617986229307,123408,,1518562,29072,170108
2021-05-14T00:00:00.000Z,0.33312345,15.765617986229307,123408,,1518562,23864,170108
2021-05-15T00:00:00.000Z,0.33312345,15.765617986229307,123408,,1518562,25760,170108
2021-05-16T00:00:00.000Z,0.33312345,15.765617986229307,123408,,1518562,28966,170108
2021-05-17T00:00:00.000Z,0.33312345,15.765617986229307,123408,,1518562,26053,170108
2021-05-18T00:00:00.000Z,0.33312345,15.765617986229307,123408,,1518562,13605,170108
2021-05-19T00:00:00.000Z,0.33312345,15.765617986229307,123408,,1518562,22788,170108
2021-05-20T00:00:00.000Z,0.35369307,10.31741882232333,64699,,1636377,28704,117815
2021-05-21T00:00:00.000Z,0.35369307,10.31741882232333,64699,,1636377,20115,117815
2021-05-22T00:00:00.000Z,0.35369307,10.31741882232333,64699,,1636377,11229,117815
2021-05-23T00:00:00.000Z,0.35369307,10.31741882232333,64699,,1636377,17394,117815
2021-05-24T00:00:00.000Z,0.35369307,10.31741882232333,64699,,1636377,16537,117815
2021-05-25T00:00:00.000Z,0.35369307,10.31741882232333,64699,,1636377,14258,117815
2021-05-26T00:00:00.000Z,0.35369307,10.31741882232333,64699,,1636377,9578,117815
2021-05-27T00:00:00.000Z,0.42337353,10.268247808337593,47517,,1724779,10098,88402
2021-05-28T00:00:00.000Z,0.42337353,10.268247808337593,47517,,1724779,20038,88402
2021-05-29T00:00:00.000Z,0.42337353,10.268247808337593,47517,,1724779,9106,88402
2021-05-30T00:00:00.000Z,0.42337353,10.268247808337593,47517,,1724779,11279,88402
2021-05-31T00:00:00.000Z,0.42337353,10.268247808337593,47517,,1724779,8215,88402
2021-06-01T00:00:00.000Z,0.42337353,10.268247808337593,47517,,1724779,10068,88402
2021-06-02T00:00:00.000Z,0.42337353,10.268247808337593,47517,,1724779,19598,88402
2021-06-03T00:00:00.000Z,0.34333093,10.431705795701513,48799,,1804839,10763,80060
2021-06-04T00:00:00.000Z,0.34333093,10.431705795701513,48799,,1804839,16272,80060
2021-06-05T00:00:00.000Z,0.34333093,10.431705795701513,48799,,1804839,17742,80060
2021-06-06T00:00:00.000Z,0.34333093,10.431705795701513,48799,,1804839,8944,80060
2021-06-07T00:00:00.000Z,0.34333093,10.431705795701513,48799,,1804839,11552,80060
2021-06-08T00:00:00.000Z,0.34333093,10.431705795701513,48799,,1804839,8634,80060
2021-06-09T00:00:00.000Z,0.34333093,10.431705795701513,48799,,1804839,6153,80060
2021-06-10T00:00:00.000Z,0.30776119,7.103730318520487,28096,,1846676,5246,41837
2021-06-11T00:00:00.000Z,0.30776119,7.103730318520487,28096,,1846676,6961,41837
2021-06-12T00:00:00.000Z,0.30776119,7.103730318520487,28096,,1846676,5225,41837
2021-06-13T00:00:00.000Z,0.30776119,7.103730318520487,28096,,1846676,6236,41837
2021-06-14T00:00:00.000Z,0.30776119,7.103730318520487,28096,,1846676,6496,41837
2021-06-15T00:00:00.000Z,0.30776119,7.103730318520487,28096,,1846676,6798,41837
2021-06-16T00:00:00.000Z,0.30776119,7.103730318520487,28096,,1846676,4875,41837
2021-06-17T00:00:00.000Z,0.23538092,8.57508055629275,36496,,1882023,5366,35347
2021-06-18T00:00:00.000Z,0.23538092,8.57508055629275,36496,,1882023,4614,35347
2021-06-19T00:00:00.000Z,0.23538092,8.57508055629275,36496,,1882023,4025,35347
2021-06-20T00:00:00.000Z,0.23538092,8.57508055629275,36496,,1882023,3066,35347
2021-06-21T00:00:00.000Z,0.23538092,8.57508055629275,36496,,1882023,5368,35347
2021-06-22T00:00:00.000Z,0.23538092,8.57508055629275,36496,,1882023,8640,35347
2021-06-23T00:00:00.000Z,0.23538092,8.57508055629275,36496,,1882023,4268,35347
2021-06-24T00:00:00.000Z,0.25421537020784,6.347065506830441,22243,,1911527,3973,29504
2021-06-25T00:00:00.000Z,0.25421537020784,6.347065506830441,22243,,1911527,5520,29504
2021-06-26T00:00:00.000Z,0.25421537020784,6.347065506830441,22243,,1911527,2715,29504
2021-06-27T00:00:00.000Z,0.25421537020784,6.347065506830441,22243,,1911527,4324,29504
2021-06-28T00:00:00.000Z,0.25421537020784,6.347065506830441,22243,,1911527,3873,29504
2021-06-29T00:00:00.000Z,0.25421537020784,6.347065506830441,22243,,1911527,4753,29504
2021-06-30T00:00:00.000Z,0.25421537020784,6.347065506830441,22243,,1911527,4346,29504
2021-07-01T00:00:00.000Z,0.22412644084223,7.369843421324644,25732,,1938039,5790,26512
2021-07-02T00:00:00.000Z,0.22412644084223,7.369843421324644,25732,,1938039,4976,26512
2021-07-03T00:00:00.000Z,0.22412644084223,7.369843421324644,25732,,1938039,2662,26512
2021-07-04T00:00:00.000Z,0.22412644084223,7.369843421324644,25732,,1938039,4007,26512
2021-07-05T00:00:00.000Z,0.22412644084223,7.369843421324644,25732,,1938039,2955,26512
2021-07-06T00:00:00.000Z,0.22412644084223,7.369843421324644,25732,,1938039,3319,26512
2021-07-07T00:00:00.000Z,0.22412644084223,7.369843421324644,25732,,1938039,2803,26512
2021-07-08T00:00:00.000Z,0.19732388941709,6.768015560514256,22520,,1956965,4031,18926
2021-07-09T00:00:00.000Z,0.19732388941709,6.768015560514256,22520,,1956965,4081,18926
2021-07-10T00:00:00.000Z,0.19732388941709,6.768015560514256,22520,,1956965,1866,18926
2021-07-11T00:00:00.000Z,0.19732388941709,6.768015560514256,22520,,1956965,2632,18926
2021-07-12T00:00:00.000Z,0.19732388941709,6.768015560514256,22520,,1956965,2101,18926
2021-07-13T00:00:00.000Z,0.19732388941709,6.768015560514256,22520,,1956965,1548,18926
2021-07-14T00:00:00.000Z,0.19732388941709,6.768015560514256,22520,,1956965,2667,18926
2021-07-15T00:00:00.000Z,0.19034875387661,8.101742809831643,28947,,1978619,2249,21654
2021-07-16T00:00:00.000Z,0.19034875387661,8.101742809831643,28947,,1978619,2628,21654
2021-07-17T00:00:00.000Z,0.19034875387661,8.101742809831643,28947,,1978619,3096,21654
2021-07-18T00:00:00.000Z,0.19034875387661,8.101742809831643,28947,,1978619,3919,21654
2021-07-19T00:00:00.000Z,0.19034875387661,8.101742809831643,28947,,1978619,2160,21654
2021-07-20T00:00:00.000Z,0.19034875387661,8.101742809831643,28947,,1978619,3423,21654
2021-07-21T00:00:00.000Z,0.19034875387661,8.101742809831643,28947,,1978619,4179,21654
2021-07-22T00:00:00.000Z,0.20539162690348,6.25156772924532,24157,,1994888,2389,16269
2021-07-23T00:00:00.000Z,0.20539162690348,6.25156772924532,24157,,1994888,3274,16269
2021-07-24T00:00:00.000Z,0.20539162690348,6.25156772924532,24157,,1994888,2256,16269
2021-07-25T00:00:00.000Z,0.20539162690348,6.25156772924532,24157,,1994888,1788,16269
2021-07-26T00:00:00.000Z,0.20539162690348,6.25156772924532,24157,,1994888,3252,16269
2021-07-27T00:00:00.000Z,0.20539162690348,6.25156772924532,24157,,1994888,1885,16269
2021-07-28T00:00:00.000Z,0.20539162690348,6.25156772924532,24157,,1994888,1425,16269
2021-07-29T00:00:00.000Z,0.20149014195973,5.105453830054389,20639,,2006322,1985,11434
2021-07-30T00:00:00.000Z,0.20149014195973,5.105453830054389,20639,,2006322,1209,11434
2021-07-31T00:00:00.000Z,0.20149014195973,5.105453830054389,20639,,2006322,2756,11434
2021-08-01T00:00:00.000Z,0.20149014195973,5.105453830054389,20639,,2006322,1719,11434
2021-08-02T00:00:00.000Z,0.20149014195973,5.105453830054389,20639,,2006322,1314,11434
2021-08-03T00:00:00.000Z,0.20149014195973,5.105453830054389,20639,,2006322,1232,11434
2021-08-04T00:00:00.000Z,0.20149014195973,5.105453830054389,20639,,2006322,1219,11434
2021-08-05T00:00:00.000Z,0.2652627504481,5.714222900745196,25817,,2020639,1483,14317
2021-08-06T00:00:00.000Z,0.2652627504481,5.714222900745196,25817,,2020639,1754,14317
2021-08-07T00:00:00.000Z,0.2652627504481,5.714222900745196,25817,,2020639,2802,14317
2021-08-08T00:00:00.000Z,0.2652627504481,5.714222900745196,25817,,2020639,2838,14317
2021-08-09T00:00:00.000Z,0.2652627504481,5.714222900745196,25817,,2020639,2269,14317
2021-08-10T00:00:00.000Z,0.2652627504481,5.714222900745196,25817,,2020639,1262,14317
2021-08-11T00:00:00.000Z,0.2652627504481,5.714222900745196,25817,,2020639,1909,14317
2021-08-12T00:00:00.000Z,0.30373877534027,5.711890569507984,29062,,2039074,2408,18435
2021-08-13T00:00:00.000Z,0.30373877534027,5.711890569507984,29062,,2039074,2585,18435
2021-08-14T00:00:00.000Z,0.30373877534027,5.711890569507984,29062,,2039074,2421,18435
2021-08-15T00:00:00.000Z,0.30373877534027,5.711890569507984,29062,,2039074,1926,18435
2021-08-16T00:00:00.000Z,0.30373877534027,5.711890569507984,29062,,2039074,4351,18435
2021-08-17T00:00:00.000Z,0.30373877534027,5.711890569507984,29062,,2039074,2343,18435
2021-08-18T00:00:00.000Z,0.30373877534027,5.711890569507984,29062,,2039074,2401,18435
2021-08-19T00:00:00.000Z,0.29222559811609,4.701390434122436,24315,,2056898,2897,17824
2021-08-20T00:00:00.000Z,0.29222559811609,4.701390434122436,24315,,2056898,2741,17824
2021-08-21T00:00:00.000Z,0.29222559811609,4.701390434122436,24315,,2056898,2822,17824
2021-08-22T00:00:00.000Z,0.29222559811609,4.701390434122436,24315,,2056898,1394,17824
2021-08-23T00:00:00.000Z,0.29222559811609,4.701390434122436,24315,,2056898,2558,17824
2021-08-24T00:00:00.000Z,0.29222559811609,4.701390434122436,24315,,2056898,1653,17824
2021-08-25T00:00:00.000Z,0.29222559811609,4.701390434122436,24315,,2056898,3759,17824
2021-08-26T00:00:00.000Z,0.2944008485719,4.425091749332138,19714,,2073339,1826,16441
2021-08-27T00:00:00.000Z,0.2944008485719,4.425091749332138,19714,,2073339,2584,16441
2021-08-28T00:00:00.000Z,0.2944008485719,4.425091749332138,19714,,2073339,2426,16441
2021-08-29T00:00:00.000Z,0.2944008485719,4.425091749332138,19714,,2073339,2696,16441
2021-08-30T00:00:00.000Z,0.2944008485719,4.425091749332138,19714,,2073339,1753,16441
2021-08-31T00:00:00.000Z,0.2944008485719,4.425091749332138,19714,,2073339,2474,16441
2021-09-01T00:00:00.000Z,0.2944008485719,4.425091749332138,19714,,2073339,2682,16441
2021-09-02T00:00:00.000Z,0.25711291959845,3.944708004333365,19706,,2090155,3006,16816
2021-09-03T00:00:00.000Z,0.25711291959845,3.944708004333365,19706,,2090155,2435,16816
2021-09-04T00:00:00.000Z,0.25711291959845,3.944708004333365,19706,,2090155,1942,16816
2021-09-05T00:00:00.000Z,0.25711291959845,3.944708004333365,19706,,2090155,2281,16816
2021-09-06T00:00:00.000Z,0.25711291959845,3.944708004333365,19706,,2090155,2790,16816
2021-09-07T00:00:00.000Z,0.25711291959845,3.944708004333365,19706,,2090155,2172,16816
2021-09-08T00:00:00.000Z,0.25711291959845,3.944708004333365,19706,,2090155,2190,16816
2021-09-09T00:00:00.000Z,0.24769696663623,3.1387629976048212,15128,,2107548,2214,17393
2021-09-10T00:00:00.000Z,0.24769696663623,3.1387629976048212,15128,,2107548,2077,17393
2021-09-11T00:00:00.000Z,0.24769696663623,3.1387629976048212,15128,,2107548,1251,17393
2021-09-12T00:00:00.000Z,0.24769696663623,3.1387629976048212,15128,,2107548,2638,17393
2021-09-13T00:00:00.000Z,0.24769696663623,3.1387629976048212,15128,,2107548,3242,17393
2021-09-14T00:00:00.000Z,0.24769696663623,3.1387629976048212,15128,,2107548,3529,17393
2021-09-15T00:00:00.000Z,0.24769696663623,3.1387629976048212,15128,,2107548,2442,17393
2021-09-16T00:00:00.000Z,0.2248584211704,3.8331203190064955,14864,,2126047,3551,18499
2021-09-17T00:00:00.000Z,0.2248584211704,3.8331203190064955,14864,,2126047,3339,18499
2021-09-18T00:00:00.000Z,0.2248584211704,3.8331203190064955,14864,,2126047,2633,18499
2021-09-19T00:00:00.000Z,0.2248584211704,3.8331203190064955,14864,,2126047,1785,18499
2021-09-20T00:00:00.000Z,0.2248584211704,3.8331203190064955,14864,,2126047,2356,18499
2021-09-21T00:00:00.000Z,0.2248584211704,3.8331203190064955,14864,,2126047,1787,18499
2021-09-22T00:00:00.000Z,0.2248584211704,3.8331203190064955,14864,,2126047,3048,18499
2021-09-23T00:00:00.000Z,0.198875733491002,3.519864219454456,12747,,2141883,2595,15836
2021-09-24T00:00:00.000Z,0.198875733491002,3.519864219454456,12747,,2141883,2944,15836
2021-09-25T00:00:00.000Z,0.198875733491002,3.519864219454456,12747,,2141883,2394,15836
2021-09-26T00:00:00.000Z,0.198875733491002,3.519864219454456,12747,,2141883,1436,15836
2021-09-27T00:00:00.000Z,0.198875733491002,3.519864219454456,12747,,2141883,2651,15836
2021-09-28T00:00:00.000Z,0.198875733491002,3.519864219454456,12747,,2141883,2201,15836
2021-09-29T00:00:00.000Z,0.198875733491002,3.519864219454456,12747,,2141883,1615,15836
2021-09-30T00:00:00.000Z,0.2551337875485795,3.67933847607897,15200,,2171076,3567,29193
2021-10-01T00:00:00.000Z,0.2551337875485795,3.67933847607897,15200,,2171076,2057,29193
2021-10-02T00:00:00.000Z,0.2551337875485795,3.67933847607897,15200,,2171076,2723,29193
2021-10-03T00:00:00.000Z,0.2551337875485795,3.67933847607897,15200,,2171076,2488,29193
2021-10-04T00:00:00.000Z,0.2551337875485795,3.67933847607897,15200,,2171076,5742,29193
2021-10-05T00:00:00.000Z,0.2551337875485795,3.67933847607897,15200,,2171076,6470,29193
2021-10-06T00:00:00.000Z,0.2551337875485795,3.67933847607897,15200,,2171076,6146,29193
2021-10-07T00:00:00.000Z,0.23257196995462193,4.304443971094033,21662,,2207151,5327,36075
2021-10-08T00:00:00.000Z,0.23257196995462193,4.304443971094033,21662,,2207151,7711,36075
2021-10-09T00:00:00.000Z,0.23257196995462193,4.304443971094033,21662,,2207151,3787,36075
2021-10-10T00:00:00.000Z,0.23257196995462193,4.304443971094033,21662,,2207151,5456,36075
2021-10-11T00:00:00.000Z,0.23257196995462193,4.304443971094033,21662,,2207151,5124,36075
2021-10-12T00:00:00.000Z,0.23257196995462193,4.304443971094033,21662,,2207151,4882,36075
2021-10-13T00:00:00.000Z,0.23257196995462193,4.304443971094033,21662,,2207151,3788,36075
2021-10-14T00:00:00.000Z,0.2540929866704694,4.649666935145318,24463,,2244770,5588,37619
2021-10-15T00:00:00.000Z,0.2540929866704694,4.649666935145318,24463,,2244770,4775,37619
2021-10-16T00:00:00.000Z,0.2540929866704694,4.649666935145318,24463,,2244770,4533,37619
2021-10-17T00:00:00.000Z,0.2540929866704694,4.649666935145318,24463,,2244770,3200,37619
2021-10-18T00:00:00.000Z,0.2540929866704694,4.649666935145318,24463,,2244770,8661,37619
2021-10-19T00:00:00.000Z,0.2540929866704694,4.649666935145318,24463,,2244770,5266,37619
2021-10-20T00:00:00.000Z,0.2540929866704694,4.649666935145318,24463,,2244770,5596,37619
2021-10-21T00:00:00.000Z,0.2376896335553348,4.803721219739681,26235,,2302364,6592,57594
2021-10-22T00:00:00.000Z,0.2376896335553348,4.803721219739681,26235,,2302364,5772,57594
2021-10-23T00:00:00.000Z,0.2376896335553348,4.803721219739681,26235,,2302364,4156,57594
2021-10-24T00:00:00.000Z,0.2376896335553348,4.803721219739681,26235,,2302364,9135,57594
2021-10-25T00:00:00.000Z,0.2376896335553348,4.803721219739681,26235,,2302364,12130,57594
2021-10-26T00:00:00.000Z,0.2376896335553348,4.803721219739681,26235,,2302364,10457,57594
2021-10-27T00:00:00.000Z,0.2376896335553348,4.803721219739681,26235,,2302364,9352,57594
2021-10-28T00:00:00.000Z,0.2694067854870219,5.064963192470279,33270,,2397671,15822,95307
2021-10-29T00:00:00.000Z,0.2694067854870219,5.064963192470279,33270,,2397671,17214,95307
2021-10-30T00:00:00.000Z,0.2694067854870219,5.064963192470279,33270,,2397671,11634,95307
2021-10-31T00:00:00.000Z,0.2694067854870219,5.064963192470279,33270,,2397671,12354,95307
2021-11-01T00:00:00.000Z,0.2694067854870219,5.064963192470279,33270,,2397671,15051,95307
2021-11-02T00:00:00.000Z,0.2694067854870219,5.064963192470279,33270,,2397671,11022,95307
2021-11-03T00:00:00.000Z,0.2694067854870219,5.064963192470279,33270,,2397671,12210,95307
2021-11-04T00:00:00.000Z,0.2557085341801267,3.4213493147282357,24270,,2467055,11340,69384
2021-11-05T00:00:00.000Z,0.2557085341801267,3.4213493147282357,24270,,2467055,7336,69384
2021-11-06T00:00:00.000Z,0.2557085341801267,3.4213493147282357,24270,,2467055,10000,69384
2021-11-07T00:00:00.000Z,0.2557085341801267,3.4213493147282357,24270,,2467055,7451,69384
2021-11-08T00:00:00.000Z,0.2557085341801267,3.4213493147282357,24270,,2467055,13166,69384
2021-11-09T00:00:00.000Z,0.2557085341801267,3.4213493147282357,24270,,2467055,12166,69384
2021-11-10T00:00:00.000Z,0.2557085341801267,3.4213493147282357,24270,,2467055,7925,69384
2021-11-11T00:00:00.000Z,0.23748729507897898,3.734431851138896,36876,,2513288,6422,46233
2021-11-12T00:00:00.000Z,0.23748729507897898,3.734431851138896,36876,,2513288,6550,46233
2021-11-13T00:00:00.000Z,0.23748729507897898,3.734431851138896,36876,,2513288,7514,46233
2021-11-14T00:00:00.000Z,0.23748729507897898,3.734431851138896,36876,,2513288,4898,46233
2021-11-15T00:00:00.000Z,0.23748729507897898,3.734431851138896,36876,,2513288,9397,46233
2021-11-16T00:00:00.000Z,0.23748729507897898,3.734431851138896,36876,,2513288,6081,46233
2021-11-17T00:00:00.000Z,0.23748729507897898,3.734431851138896,36876,,2513288,5371,46233
2021-11-18T00:00:00.000Z,0.2173321485498467,4.179285338637202,45877,,2554739,7532,41451
2021-11-19T00:00:00.000Z,0.2173321485498467,4.179285338637202,45877,,2554739,5056,41451
2021-11-20T00:00:00.000Z,0.2173321485498467,4.179285338637202,45877,,2554739,4858,41451
2021-11-21T00:00:00.000Z,0.2173321485498467,4.179285338637202,45877,,2554739,5741,41451
2021-11-22T00:00:00.000Z,0.2173321485498467,4.179285338637202,45877,,2554739,6102,41451
2021-11-23T00:00:00.000Z,0.2173321485498467,4.179285338637202,45877,,2554739,6457,41451
2021-11-24T00:00:00.000Z,0.2173321485498467,4.179285338637202,45877,,2554739,5705,41451
2021-11-25T00:00:00.000Z,0.21558558400435784,5.369832195686167,2819,,2556819,2080,2080